name,type,value,date
9,,1,2019-03-26,
10,,2,2019-03-26,
15,,1,2019-03-26,
17,,1,2019-03-26,
7,,1,2019-03-26,
1,,2,2019-03-27,
2,,3,2019-03-27,
4,,2,2019-03-27,
5,,2,2019-03-27,
6,,4,2019-03-27,
7,,6,2019-03-27,
8,,6,2019-03-27,
9,,7,2019-03-27,
10,,4,2019-03-27,
11,,2,2019-03-27,
12,,5,2019-03-27,
13,,2,2019-03-27,
14,,2,2019-03-27,
15,,3,2019-03-27,
17,,1,2019-03-27,
18,,2,2019-03-27,
19,,2,2019-03-27,
20,,3,2019-03-27,
0,,10,2019-03-28,
1,,8,2019-03-28,
2,,15,2019-03-28,
3,,11,2019-03-28,
4,,13,2019-03-28,
5,,7,2019-03-28,
6,,7,2019-03-28,
7,,36,2019-03-28,
8,,23,2019-03-28,
9,,15,2019-03-28,
10,,19,2019-03-28,
11,,37,2019-03-28,
12,,13,2019-03-28,
13,,11,2019-03-28,
14,,11,2019-03-28,
15,,7,2019-03-28,
16,,26,2019-03-28,
17,,2,2019-03-28,
18,,2,2019-03-28,
19,,7,2019-03-28,
20,,4,2019-03-28,
22,,3,2019-03-28,
23,,13,2019-03-28,
0,,18,2019-03-29,
1,,30,2019-03-29,
2,,60,2019-03-29,
3,,32,2019-03-29,
4,,47,2019-03-29,
5,,32,2019-03-29,
6,,18,2019-03-29,
7,,55,2019-03-29,
8,,39,2019-03-29,
9,,19,2019-03-29,
10,,23,2019-03-29,
11,,53,2019-03-29,
12,,24,2019-03-29,
13,,24,2019-03-29,
14,,21,2019-03-29,
15,,20,2019-03-29,
16,,40,2019-03-29,
17,,18,2019-03-29,
18,,23,2019-03-29,
19,,8,2019-03-29,
20,,4,2019-03-29,
22,,3,2019-03-29,
23,,13,2019-03-29,
0,,18,2019-03-30,
1,,37,2019-03-30,
2,,71,2019-03-30,
3,,54,2019-03-30,
4,,58,2019-03-30,
5,,48,2019-03-30,
6,,36,2019-03-30,
7,,59,2019-03-30,
8,,44,2019-03-30,
9,,23,2019-03-30,
10,,29,2019-03-30,
11,,60,2019-03-30,
12,,28,2019-03-30,
13,,24,2019-03-30,
14,,24,2019-03-30,
15,,26,2019-03-30,
16,,43,2019-03-30,
17,,19,2019-03-30,
18,,25,2019-03-30,
19,,8,2019-03-30,
20,,5,2019-03-30,
22,,3,2019-03-30,
23,,15,2019-03-30,
0,,24,2019-03-31,
1,,40,2019-03-31,
2,,73,2019-03-31,
3,,67,2019-03-31,
4,,65,2019-03-31,
5,,55,2019-03-31,
6,,38,2019-03-31,
7,,61,2019-03-31,
8,,47,2019-03-31,
9,,23,2019-03-31,
10,,31,2019-03-31,
11,,63,2019-03-31,
12,,29,2019-03-31,
13,,28,2019-03-31,
14,,63,2019-03-31,
15,,30,2019-03-31,
16,,44,2019-03-31,
17,,19,2019-03-31,
18,,25,2019-03-31,
19,,8,2019-03-31,
20,,6,2019-03-31,
22,,3,2019-03-31,
23,,16,2019-03-31,
0,,24,2019-04-01,
1,,41,2019-04-01,
2,,80,2019-04-01,
3,,72,2019-04-01,
4,,66,2019-04-01,
5,,55,2019-04-01,
6,,38,2019-04-01,
7,,63,2019-04-01,
8,,81,2019-04-01,
9,,47,2019-04-01,
10,,46,2019-04-01,
11,,72,2019-04-01,
12,,34,2019-04-01,
13,,32,2019-04-01,
14,,70,2019-04-01,
15,,50,2019-04-01,
16,,49,2019-04-01,
17,,19,2019-04-01,
18,,25,2019-04-01,
19,,8,2019-04-01,
20,,7,2019-04-01,
21,,1,2019-04-01,
22,,3,2019-04-01,
23,,16,2019-04-01,
0,,25,2019-04-02,
1,,59,2019-04-02,
2,,85,2019-04-02,
3,,85,2019-04-02,
4,,94,2019-04-02,
5,,60,2019-04-02,
6,,64,2019-04-02,
7,,74,2019-04-02,
8,,93,2019-04-02,
9,,64,2019-04-02,
10,,55,2019-04-02,
11,,91,2019-04-02,
12,,52,2019-04-02,
13,,40,2019-04-02,
14,,71,2019-04-02,
15,,52,2019-04-02,
16,,57,2019-04-02,
17,,19,2019-04-02,
18,,25,2019-04-02,
19,,8,2019-04-02,
20,,7,2019-04-02,
21,,2,2019-04-02,
22,,3,2019-04-02,
23,,17,2019-04-02,
0,,26,2019-04-03,
1,,61,2019-04-03,
2,,86,2019-04-03,
3,,105,2019-04-03,
4,,100,2019-04-03,
5,,75,2019-04-03,
6,,88,2019-04-03,
7,,82,2019-04-03,
8,,102,2019-04-03,
9,,68,2019-04-03,
10,,60,2019-04-03,
11,,119,2019-04-03,
12,,57,2019-04-03,
13,,50,2019-04-03,
14,,82,2019-04-03,
15,,62,2019-04-03,
16,,70,2019-04-03,
17,,20,2019-04-03,
18,,28,2019-04-03,
19,,8,2019-04-03,
20,,7,2019-04-03,
21,,3,2019-04-03,
22,,3,2019-04-03,
23,,19,2019-04-03,
0,,29,2019-04-04,
1,,62,2019-04-04,
2,,106,2019-04-04,
3,,115,2019-04-04,
4,,101,2019-04-04,
5,,99,2019-04-04,
6,,97,2019-04-04,
7,,100,2019-04-04,
8,,110,2019-04-04,
9,,80,2019-04-04,
10,,76,2019-04-04,
11,,123,2019-04-04,
12,,57,2019-04-04,
13,,54,2019-04-04,
14,,90,2019-04-04,
15,,70,2019-04-04,
16,,73,2019-04-04,
17,,22,2019-04-04,
18,,32,2019-04-04,
19,,15,2019-04-04,
20,,8,2019-04-04,
21,,3,2019-04-04,
22,,3,2019-04-04,
23,,20,2019-04-04,
0,,30,2019-04-05,
1,,65,2019-04-05,
2,,107,2019-04-05,
3,,117,2019-04-05,
4,,115,2019-04-05,
5,,117,2019-04-05,
6,,101,2019-04-05,
7,,102,2019-04-05,
8,,113,2019-04-05,
9,,89,2019-04-05,
10,,76,2019-04-05,
11,,124,2019-04-05,
12,,62,2019-04-05,
13,,57,2019-04-05,
14,,93,2019-04-05,
15,,72,2019-04-05,
16,,81,2019-04-05,
17,,22,2019-04-05,
18,,33,2019-04-05,
19,,16,2019-04-05,
20,,8,2019-04-05,
21,,4,2019-04-05,
22,,3,2019-04-05,
23,,20,2019-04-05,
0,,32,2019-04-06,
1,,65,2019-04-06,
2,,111,2019-04-06,
3,,119,2019-04-06,
4,,125,2019-04-06,
5,,118,2019-04-06,
6,,101,2019-04-06,
7,,102,2019-04-06,
8,,118,2019-04-06,
9,,91,2019-04-06,
10,,78,2019-04-06,
11,,126,2019-04-06,
12,,66,2019-04-06,
13,,58,2019-04-06,
14,,96,2019-04-06,
15,,85,2019-04-06,
16,,83,2019-04-06,
17,,26,2019-04-06,
18,,33,2019-04-06,
19,,18,2019-04-06,
20,,9,2019-04-06,
21,,4,2019-04-06,
22,,3,2019-04-06,
23,,20,2019-04-06,
0,,33,2019-04-07,
1,,66,2019-04-07,
2,,111,2019-04-07,
3,,123,2019-04-07,
4,,131,2019-04-07,
5,,118,2019-04-07,
6,,101,2019-04-07,
7,,102,2019-04-07,
8,,118,2019-04-07,
9,,93,2019-04-07,
10,,79,2019-04-07,
11,,132,2019-04-07,
12,,72,2019-04-07,
13,,64,2019-04-07,
14,,99,2019-04-07,
15,,90,2019-04-07,
16,,83,2019-04-07,
17,,26,2019-04-07,
18,,34,2019-04-07,
19,,18,2019-04-07,
20,,9,2019-04-07,
21,,4,2019-04-07,
22,,3,2019-04-07,
23,,20,2019-04-07,
0,,33,2019-04-08,
1,,70,2019-04-08,
2,,120,2019-04-08,
3,,129,2019-04-08,
4,,132,2019-04-08,
5,,118,2019-04-08,
6,,102,2019-04-08,
7,,115,2019-04-08,
8,,126,2019-04-08,
9,,99,2019-04-08,
10,,81,2019-04-08,
11,,133,2019-04-08,
12,,77,2019-04-08,
13,,67,2019-04-08,
14,,102,2019-04-08,
15,,93,2019-04-08,
16,,83,2019-04-08,
17,,26,2019-04-08,
18,,34,2019-04-08,
19,,18,2019-04-08,
20,,9,2019-04-08,
21,,4,2019-04-08,
22,,4,2019-04-08,
23,,20,2019-04-08,
0,,33,2019-04-09,
1,,73,2019-04-09,
2,,150,2019-04-09,
3,,135,2019-04-09,
4,,134,2019-04-09,
5,,118,2019-04-09,
6,,106,2019-04-09,
7,,124,2019-04-09,
8,,133,2019-04-09,
9,,106,2019-04-09,
10,,83,2019-04-09,
11,,133,2019-04-09,
12,,78,2019-04-09,
13,,78,2019-04-09,
14,,130,2019-04-09,
15,,95,2019-04-09,
16,,87,2019-04-09,
17,,27,2019-04-09,
18,,41,2019-04-09,
19,,19,2019-04-09,
20,,9,2019-04-09,
21,,4,2019-04-09,
22,,5,2019-04-09,
23,,21,2019-04-09,
0,,34,2019-04-10,
1,,94,2019-04-10,
2,,162,2019-04-10,
3,,141,2019-04-10,
4,,149,2019-04-10,
5,,131,2019-04-10,
6,,113,2019-04-10,
7,,124,2019-04-10,
8,,133,2019-04-10,
9,,107,2019-04-10,
10,,89,2019-04-10,
11,,134,2019-04-10,
12,,79,2019-04-10,
13,,78,2019-04-10,
14,,134,2019-04-10,
15,,101,2019-04-10,
16,,87,2019-04-10,
17,,27,2019-04-10,
18,,41,2019-04-10,
19,,20,2019-04-10,
20,,10,2019-04-10,
21,,4,2019-04-10,
22,,5,2019-04-10,
23,,21,2019-04-10,
0,,34,2019-04-11,
1,,101,2019-04-11,
2,,178,2019-04-11,
3,,157,2019-04-11,
4,,151,2019-04-11,
5,,141,2019-04-11,
6,,133,2019-04-11,
7,,129,2019-04-11,
8,,136,2019-04-11,
9,,113,2019-04-11,
10,,90,2019-04-11,
11,,134,2019-04-11,
12,,84,2019-04-11,
13,,90,2019-04-11,
14,,138,2019-04-11,
15,,103,2019-04-11,
16,,88,2019-04-11,
17,,27,2019-04-11,
18,,41,2019-04-11,
19,,20,2019-04-11,
20,,10,2019-04-11,
21,,4,2019-04-11,
22,,5,2019-04-11,
23,,21,2019-04-11,
0,,34,2019-04-12,
1,,102,2019-04-12,
2,,180,2019-04-12,
3,,161,2019-04-12,
4,,151,2019-04-12,
5,,147,2019-04-12,
6,,158,2019-04-12,
7,,130,2019-04-12,
8,,137,2019-04-12,
9,,115,2019-04-12,
10,,91,2019-04-12,
11,,134,2019-04-12,
12,,85,2019-04-12,
13,,101,2019-04-12,
14,,138,2019-04-12,
15,,111,2019-04-12,
16,,89,2019-04-12,
17,,28,2019-04-12,
18,,41,2019-04-12,
19,,20,2019-04-12,
20,,10,2019-04-12,
21,,4,2019-04-12,
22,,5,2019-04-12,
23,,21,2019-04-12,
0,,34,2019-04-13,
1,,104,2019-04-13,
2,,182,2019-04-13,
3,,164,2019-04-13,
4,,153,2019-04-13,
5,,151,2019-04-13,
6,,158,2019-04-13,
7,,153,2019-04-13,
8,,142,2019-04-13,
9,,115,2019-04-13,
10,,99,2019-04-13,
11,,135,2019-04-13,
12,,88,2019-04-13,
13,,104,2019-04-13,
14,,140,2019-04-13,
15,,112,2019-04-13,
16,,89,2019-04-13,
17,,31,2019-04-13,
18,,41,2019-04-13,
19,,20,2019-04-13,
20,,10,2019-04-13,
21,,4,2019-04-13,
22,,5,2019-04-13,
23,,21,2019-04-13,
0,,34,2019-04-14,
1,,104,2019-04-14,
2,,186,2019-04-14,
3,,173,2019-04-14,
4,,155,2019-04-14,
5,,151,2019-04-14,
6,,160,2019-04-14,
7,,154,2019-04-14,
8,,143,2019-04-14,
9,,117,2019-04-14,
10,,129,2019-04-14,
11,,135,2019-04-14,
12,,88,2019-04-14,
13,,105,2019-04-14,
14,,141,2019-04-14,
15,,116,2019-04-14,
16,,89,2019-04-14,
17,,31,2019-04-14,
18,,41,2019-04-14,
19,,21,2019-04-14,
20,,10,2019-04-14,
21,,5,2019-04-14,
22,,5,2019-04-14,
23,,22,2019-04-14,
0,,34,2019-04-15,
1,,105,2019-04-15,
2,,186,2019-04-15,
3,,181,2019-04-15,
4,,155,2019-04-15,
5,,152,2019-04-15,
6,,162,2019-04-15,
7,,155,2019-04-15,
8,,145,2019-04-15,
9,,119,2019-04-15,
10,,135,2019-04-15,
11,,148,2019-04-15,
12,,89,2019-04-15,
13,,105,2019-04-15,
14,,143,2019-04-15,
15,,119,2019-04-15,
16,,90,2019-04-15,
17,,31,2019-04-15,
18,,41,2019-04-15,
19,,21,2019-04-15,
20,,10,2019-04-15,
21,,5,2019-04-15,
22,,5,2019-04-15,
23,,22,2019-04-15,
0,,34,2019-04-16,
1,,108,2019-04-16,
2,,189,2019-04-16,
3,,195,2019-04-16,
4,,157,2019-04-16,
5,,153,2019-04-16,
6,,164,2019-04-16,
7,,160,2019-04-16,
8,,146,2019-04-16,
9,,120,2019-04-16,
10,,135,2019-04-16,
11,,164,2019-04-16,
12,,89,2019-04-16,
13,,106,2019-04-16,
14,,144,2019-04-16,
15,,121,2019-04-16,
16,,94,2019-04-16,
17,,31,2019-04-16,
18,,41,2019-04-16,
19,,21,2019-04-16,
20,,11,2019-04-16,
21,,5,2019-04-16,
22,,5,2019-04-16,
23,,22,2019-04-16,
0,,34,2019-04-17,
1,,110,2019-04-17,
2,,190,2019-04-17,
3,,198,2019-04-17,
4,,158,2019-04-17,
5,,154,2019-04-17,
6,,164,2019-04-17,
7,,160,2019-04-17,
8,,146,2019-04-17,
9,,121,2019-04-17,
10,,136,2019-04-17,
11,,164,2019-04-17,
12,,89,2019-04-17,
13,,124,2019-04-17,
14,,148,2019-04-17,
15,,123,2019-04-17,
16,,94,2019-04-17,
17,,31,2019-04-17,
18,,42,2019-04-17,
19,,21,2019-04-17,
20,,11,2019-04-17,
21,,5,2019-04-17,
22,,5,2019-04-17,
23,,22,2019-04-17,
0,,36,2019-04-18,
1,,117,2019-04-18,
2,,192,2019-04-18,
3,,200,2019-04-18,
4,,159,2019-04-18,
5,,155,2019-04-18,
6,,167,2019-04-18,
7,,162,2019-04-18,
8,,147,2019-04-18,
9,,124,2019-04-18,
10,,136,2019-04-18,
11,,165,2019-04-18,
12,,91,2019-04-18,
13,,124,2019-04-18,
14,,150,2019-04-18,
15,,123,2019-04-18,
16,,94,2019-04-18,
17,,31,2019-04-18,
18,,43,2019-04-18,
19,,21,2019-04-18,
20,,11,2019-04-18,
21,,5,2019-04-18,
22,,5,2019-04-18,
23,,22,2019-04-18,
0,,36,2019-04-19,
1,,121,2019-04-19,
2,,195,2019-04-19,
3,,201,2019-04-19,
4,,159,2019-04-19,
5,,155,2019-04-19,
6,,167,2019-04-19,
7,,164,2019-04-19,
8,,147,2019-04-19,
9,,127,2019-04-19,
10,,162,2019-04-19,
11,,171,2019-04-19,
12,,92,2019-04-19,
13,,124,2019-04-19,
14,,152,2019-04-19,
15,,123,2019-04-19,
16,,94,2019-04-19,
17,,31,2019-04-19,
18,,43,2019-04-19,
19,,21,2019-04-19,
20,,11,2019-04-19,
21,,5,2019-04-19,
22,,5,2019-04-19,
23,,22,2019-04-19,
0,,36,2019-04-20,
1,,121,2019-04-20,
2,,195,2019-04-20,
3,,203,2019-04-20,
4,,159,2019-04-20,
5,,155,2019-04-20,
6,,167,2019-04-20,
7,,164,2019-04-20,
8,,147,2019-04-20,
9,,127,2019-04-20,
10,,163,2019-04-20,
11,,171,2019-04-20,
12,,92,2019-04-20,
13,,125,2019-04-20,
14,,152,2019-04-20,
15,,126,2019-04-20,
16,,94,2019-04-20,
17,,34,2019-04-20,
18,,43,2019-04-20,
19,,22,2019-04-20,
20,,11,2019-04-20,
21,,5,2019-04-20,
22,,5,2019-04-20,
23,,22,2019-04-20,
0,,36,2019-04-21,
1,,121,2019-04-21,
2,,195,2019-04-21,
3,,203,2019-04-21,
4,,159,2019-04-21,
5,,157,2019-04-21,
6,,167,2019-04-21,
7,,164,2019-04-21,
8,,147,2019-04-21,
9,,128,2019-04-21,
10,,168,2019-04-21,
11,,171,2019-04-21,
12,,92,2019-04-21,
13,,125,2019-04-21,
14,,152,2019-04-21,
15,,132,2019-04-21,
16,,94,2019-04-21,
17,,34,2019-04-21,
18,,43,2019-04-21,
19,,22,2019-04-21,
20,,11,2019-04-21,
21,,5,2019-04-21,
22,,5,2019-04-21,
23,,22,2019-04-21,
0,,36,2019-04-22,
1,,121,2019-04-22,
2,,195,2019-04-22,
3,,205,2019-04-22,
4,,159,2019-04-22,
5,,162,2019-04-22,
6,,169,2019-04-22,
7,,165,2019-04-22,
8,,160,2019-04-22,
9,,131,2019-04-22,
10,,170,2019-04-22,
11,,171,2019-04-22,
12,,93,2019-04-22,
13,,126,2019-04-22,
14,,152,2019-04-22,
15,,133,2019-04-22,
16,,96,2019-04-22,
17,,34,2019-04-22,
18,,43,2019-04-22,
19,,22,2019-04-22,
20,,11,2019-04-22,
21,,5,2019-04-22,
22,,5,2019-04-22,
23,,22,2019-04-22,
0,,36,2019-04-23,
1,,132,2019-04-23,
2,,198,2019-04-23,
3,,208,2019-04-23,
4,,164,2019-04-23,
5,,162,2019-04-23,
6,,170,2019-04-23,
7,,166,2019-04-23,
8,,165,2019-04-23,
9,,131,2019-04-23,
10,,186,2019-04-23,
11,,171,2019-04-23,
12,,93,2019-04-23,
13,,128,2019-04-23,
14,,156,2019-04-23,
15,,134,2019-04-23,
16,,98,2019-04-23,
17,,36,2019-04-23,
18,,44,2019-04-23,
19,,22,2019-04-23,
20,,11,2019-04-23,
21,,5,2019-04-23,
22,,6,2019-04-23,
23,,22,2019-04-23,
0,,36,2019-04-24,
1,,132,2019-04-24,
2,,200,2019-04-24,
3,,216,2019-04-24,
4,,166,2019-04-24,
5,,162,2019-04-24,
6,,170,2019-04-24,
7,,166,2019-04-24,
8,,165,2019-04-24,
9,,132,2019-04-24,
10,,186,2019-04-24,
11,,171,2019-04-24,
12,,93,2019-04-24,
13,,129,2019-04-24,
14,,159,2019-04-24,
15,,134,2019-04-24,
16,,98,2019-04-24,
17,,36,2019-04-24,
18,,44,2019-04-24,
19,,23,2019-04-24,
20,,11,2019-04-24,
21,,5,2019-04-24,
22,,6,2019-04-24,
23,,22,2019-04-24,
0,,36,2019-04-25,
1,,161,2019-04-25,
2,,200,2019-04-25,
3,,217,2019-04-25,
4,,166,2019-04-25,
5,,163,2019-04-25,
6,,171,2019-04-25,
7,,166,2019-04-25,
8,,165,2019-04-25,
9,,133,2019-04-25,
10,,186,2019-04-25,
11,,172,2019-04-25,
12,,93,2019-04-25,
13,,130,2019-04-25,
14,,159,2019-04-25,
15,,136,2019-04-25,
16,,98,2019-04-25,
17,,36,2019-04-25,
18,,44,2019-04-25,
19,,23,2019-04-25,
20,,11,2019-04-25,
21,,5,2019-04-25,
22,,6,2019-04-25,
23,,22,2019-04-25,
0,,36,2019-04-26,
1,,169,2019-04-26,
2,,201,2019-04-26,
3,,217,2019-04-26,
4,,166,2019-04-26,
5,,163,2019-04-26,
6,,171,2019-04-26,
7,,167,2019-04-26,
8,,165,2019-04-26,
9,,134,2019-04-26,
10,,186,2019-04-26,
11,,172,2019-04-26,
12,,93,2019-04-26,
13,,130,2019-04-26,
14,,159,2019-04-26,
15,,136,2019-04-26,
16,,98,2019-04-26,
17,,36,2019-04-26,
18,,44,2019-04-26,
19,,23,2019-04-26,
20,,11,2019-04-26,
21,,5,2019-04-26,
22,,6,2019-04-26,
23,,22,2019-04-26,
0,,36,2019-04-27,
1,,169,2019-04-27,
2,,202,2019-04-27,
3,,217,2019-04-27,
4,,166,2019-04-27,
5,,163,2019-04-27,
6,,171,2019-04-27,
7,,167,2019-04-27,
8,,165,2019-04-27,
9,,134,2019-04-27,
10,,186,2019-04-27,
11,,172,2019-04-27,
12,,93,2019-04-27,
13,,130,2019-04-27,
14,,159,2019-04-27,
15,,136,2019-04-27,
16,,98,2019-04-27,
17,,36,2019-04-27,
18,,44,2019-04-27,
19,,23,2019-04-27,
20,,11,2019-04-27,
21,,5,2019-04-27,
22,,6,2019-04-27,
23,,22,2019-04-27,
0,,36,2019-04-28,
1,,173,2019-04-28,
2,,203,2019-04-28,
3,,218,2019-04-28,
4,,166,2019-04-28,
5,,163,2019-04-28,
6,,171,2019-04-28,
7,,167,2019-04-28,
8,,166,2019-04-28,
9,,134,2019-04-28,
10,,186,2019-04-28,
11,,174,2019-04-28,
12,,93,2019-04-28,
13,,131,2019-04-28,
14,,160,2019-04-28,
15,,136,2019-04-28,
16,,98,2019-04-28,
17,,36,2019-04-28,
18,,44,2019-04-28,
19,,23,2019-04-28,
20,,11,2019-04-28,
21,,5,2019-04-28,
22,,6,2019-04-28,
23,,22,2019-04-28,
0,,36,2019-04-29,
1,,180,2019-04-29,
2,,203,2019-04-29,
3,,224,2019-04-29,
4,,169,2019-04-29,
5,,165,2019-04-29,
6,,171,2019-04-29,
7,,167,2019-04-29,
8,,168,2019-04-29,
9,,136,2019-04-29,
10,,186,2019-04-29,
11,,174,2019-04-29,
12,,93,2019-04-29,
13,,131,2019-04-29,
14,,160,2019-04-29,
15,,136,2019-04-29,
16,,98,2019-04-29,
17,,36,2019-04-29,
18,,45,2019-04-29,
19,,23,2019-04-29,
20,,11,2019-04-29,
21,,5,2019-04-29,
22,,6,2019-04-29,
23,,22,2019-04-29,
0,,38,2019-04-30,
1,,181,2019-04-30,
2,,204,2019-04-30,
3,,224,2019-04-30,
4,,169,2019-04-30,
5,,165,2019-04-30,
6,,171,2019-04-30,
7,,167,2019-04-30,
8,,168,2019-04-30,
9,,136,2019-04-30,
10,,187,2019-04-30,
11,,189,2019-04-30,
12,,94,2019-04-30,
13,,132,2019-04-30,
14,,161,2019-04-30,
15,,136,2019-04-30,
16,,98,2019-04-30,
17,,36,2019-04-30,
18,,45,2019-04-30,
19,,23,2019-04-30,
20,,11,2019-04-30,
21,,5,2019-04-30,
22,,6,2019-04-30,
23,,22,2019-04-30,
0,,38,2019-05-01,
1,,181,2019-05-01,
2,,204,2019-05-01,
3,,224,2019-05-01,
4,,169,2019-05-01,
5,,165,2019-05-01,
6,,174,2019-05-01,
7,,171,2019-05-01,
8,,168,2019-05-01,
9,,136,2019-05-01,
10,,187,2019-05-01,
11,,189,2019-05-01,
12,,94,2019-05-01,
13,,132,2019-05-01,
14,,161,2019-05-01,
15,,136,2019-05-01,
16,,98,2019-05-01,
17,,36,2019-05-01,
18,,45,2019-05-01,
19,,23,2019-05-01,
20,,11,2019-05-01,
21,,5,2019-05-01,
22,,6,2019-05-01,
23,,22,2019-05-01,
0,,38,2019-05-02,
1,,181,2019-05-02,
2,,204,2019-05-02,
3,,226,2019-05-02,
4,,169,2019-05-02,
5,,165,2019-05-02,
6,,174,2019-05-02,
7,,173,2019-05-02,
8,,168,2019-05-02,
9,,136,2019-05-02,
10,,196,2019-05-02,
11,,189,2019-05-02,
12,,94,2019-05-02,
13,,132,2019-05-02,
14,,161,2019-05-02,
15,,136,2019-05-02,
16,,98,2019-05-02,
17,,36,2019-05-02,
18,,45,2019-05-02,
19,,23,2019-05-02,
20,,11,2019-05-02,
21,,5,2019-05-02,
22,,6,2019-05-02,
23,,22,2019-05-02,
0,,38,2019-05-03,
1,,182,2019-05-03,
2,,205,2019-05-03,
3,,226,2019-05-03,
4,,169,2019-05-03,
5,,165,2019-05-03,
6,,174,2019-05-03,
7,,173,2019-05-03,
8,,168,2019-05-03,
9,,136,2019-05-03,
10,,196,2019-05-03,
11,,189,2019-05-03,
12,,95,2019-05-03,
13,,132,2019-05-03,
14,,162,2019-05-03,
15,,136,2019-05-03,
16,,98,2019-05-03,
17,,36,2019-05-03,
18,,45,2019-05-03,
19,,23,2019-05-03,
20,,11,2019-05-03,
21,,5,2019-05-03,
22,,6,2019-05-03,
23,,22,2019-05-03,
0,,38,2019-05-04,
1,,182,2019-05-04,
2,,205,2019-05-04,
3,,226,2019-05-04,
4,,169,2019-05-04,
5,,167,2019-05-04,
6,,174,2019-05-04,
7,,173,2019-05-04,
8,,168,2019-05-04,
9,,136,2019-05-04,
10,,196,2019-05-04,
11,,189,2019-05-04,
12,,95,2019-05-04,
13,,132,2019-05-04,
14,,162,2019-05-04,
15,,136,2019-05-04,
16,,98,2019-05-04,
17,,36,2019-05-04,
18,,45,2019-05-04,
19,,23,2019-05-04,
20,,11,2019-05-04,
21,,5,2019-05-04,
22,,6,2019-05-04,
23,,22,2019-05-04,
0,,38,2019-05-05,
1,,182,2019-05-05,
2,,206,2019-05-05,
3,,226,2019-05-05,
4,,169,2019-05-05,
5,,167,2019-05-05,
6,,174,2019-05-05,
7,,173,2019-05-05,
8,,168,2019-05-05,
9,,136,2019-05-05,
10,,196,2019-05-05,
11,,189,2019-05-05,
12,,95,2019-05-05,
13,,134,2019-05-05,
14,,165,2019-05-05,
15,,136,2019-05-05,
16,,98,2019-05-05,
17,,36,2019-05-05,
18,,45,2019-05-05,
19,,23,2019-05-05,
20,,11,2019-05-05,
21,,5,2019-05-05,
22,,6,2019-05-05,
23,,22,2019-05-05,
0,,38,2019-05-06,
1,,191,2019-05-06,
2,,206,2019-05-06,
3,,226,2019-05-06,
4,,169,2019-05-06,
5,,167,2019-05-06,
6,,174,2019-05-06,
7,,174,2019-05-06,
8,,168,2019-05-06,
9,,136,2019-05-06,
10,,196,2019-05-06,
11,,189,2019-05-06,
12,,95,2019-05-06,
13,,134,2019-05-06,
14,,165,2019-05-06,
15,,136,2019-05-06,
16,,98,2019-05-06,
17,,36,2019-05-06,
18,,45,2019-05-06,
19,,23,2019-05-06,
20,,11,2019-05-06,
21,,5,2019-05-06,
22,,7,2019-05-06,
23,,25,2019-05-06,
0,,38,2019-05-07,
1,,196,2019-05-07,
2,,206,2019-05-07,
3,,226,2019-05-07,
4,,169,2019-05-07,
5,,167,2019-05-07,
6,,174,2019-05-07,
7,,174,2019-05-07,
8,,168,2019-05-07,
9,,136,2019-05-07,
10,,196,2019-05-07,
11,,189,2019-05-07,
12,,95,2019-05-07,
13,,134,2019-05-07,
14,,165,2019-05-07,
15,,136,2019-05-07,
16,,98,2019-05-07,
17,,36,2019-05-07,
18,,45,2019-05-07,
19,,23,2019-05-07,
20,,11,2019-05-07,
21,,5,2019-05-07,
22,,7,2019-05-07,
23,,25,2019-05-07,
0,,38,2019-05-08,
1,,196,2019-05-08,
2,,206,2019-05-08,
3,,226,2019-05-08,
4,,172,2019-05-08,
5,,167,2019-05-08,
6,,174,2019-05-08,
7,,174,2019-05-08,
8,,169,2019-05-08,
9,,136,2019-05-08,
10,,196,2019-05-08,
11,,189,2019-05-08,
12,,98,2019-05-08,
13,,134,2019-05-08,
14,,165,2019-05-08,
15,,136,2019-05-08,
16,,98,2019-05-08,
17,,36,2019-05-08,
18,,45,2019-05-08,
19,,23,2019-05-08,
20,,11,2019-05-08,
21,,5,2019-05-08,
22,,7,2019-05-08,
23,,25,2019-05-08,
0,,38,2019-05-09,
1,,196,2019-05-09,
2,,206,2019-05-09,
3,,226,2019-05-09,
4,,172,2019-05-09,
5,,167,2019-05-09,
6,,174,2019-05-09,
7,,174,2019-05-09,
8,,169,2019-05-09,
9,,136,2019-05-09,
10,,196,2019-05-09,
11,,189,2019-05-09,
12,,98,2019-05-09,
13,,135,2019-05-09,
14,,165,2019-05-09,
15,,136,2019-05-09,
16,,98,2019-05-09,
17,,36,2019-05-09,
18,,45,2019-05-09,
19,,23,2019-05-09,
20,,11,2019-05-09,
21,,5,2019-05-09,
22,,7,2019-05-09,
23,,25,2019-05-09,
0,,38,2019-05-10,
1,,196,2019-05-10,
2,,206,2019-05-10,
3,,226,2019-05-10,
4,,172,2019-05-10,
5,,167,2019-05-10,
6,,174,2019-05-10,
7,,174,2019-05-10,
8,,169,2019-05-10,
9,,136,2019-05-10,
10,,196,2019-05-10,
11,,189,2019-05-10,
12,,99,2019-05-10,
13,,135,2019-05-10,
14,,165,2019-05-10,
15,,136,2019-05-10,
16,,98,2019-05-10,
17,,36,2019-05-10,
18,,45,2019-05-10,
19,,23,2019-05-10,
20,,11,2019-05-10,
21,,5,2019-05-10,
22,,9,2019-05-10,
23,,25,2019-05-10,
0,,38,2019-05-11,
1,,196,2019-05-11,
2,,206,2019-05-11,
3,,226,2019-05-11,
4,,172,2019-05-11,
5,,167,2019-05-11,
6,,174,2019-05-11,
7,,174,2019-05-11,
8,,169,2019-05-11,
9,,136,2019-05-11,
10,,196,2019-05-11,
11,,189,2019-05-11,
12,,99,2019-05-11,
13,,135,2019-05-11,
14,,165,2019-05-11,
15,,136,2019-05-11,
16,,98,2019-05-11,
17,,36,2019-05-11,
18,,45,2019-05-11,
19,,23,2019-05-11,
20,,11,2019-05-11,
21,,5,2019-05-11,
22,,9,2019-05-11,
23,,25,2019-05-11,
0,,38,2019-05-12,
1,,196,2019-05-12,
2,,206,2019-05-12,
3,,226,2019-05-12,
4,,172,2019-05-12,
5,,167,2019-05-12,
6,,174,2019-05-12,
7,,174,2019-05-12,
8,,169,2019-05-12,
9,,136,2019-05-12,
10,,196,2019-05-12,
11,,189,2019-05-12,
12,,99,2019-05-12,
13,,135,2019-05-12,
14,,165,2019-05-12,
15,,136,2019-05-12,
16,,98,2019-05-12,
17,,36,2019-05-12,
18,,45,2019-05-12,
19,,23,2019-05-12,
20,,11,2019-05-12,
21,,5,2019-05-12,
22,,9,2019-05-12,
23,,25,2019-05-12,
0,,38,2019-05-13,
1,,196,2019-05-13,
2,,207,2019-05-13,
3,,226,2019-05-13,
4,,172,2019-05-13,
5,,168,2019-05-13,
6,,174,2019-05-13,
7,,174,2019-05-13,
8,,169,2019-05-13,
9,,136,2019-05-13,
10,,196,2019-05-13,
11,,189,2019-05-13,
12,,99,2019-05-13,
13,,135,2019-05-13,
14,,165,2019-05-13,
15,,136,2019-05-13,
16,,98,2019-05-13,
17,,36,2019-05-13,
18,,45,2019-05-13,
19,,23,2019-05-13,
20,,11,2019-05-13,
21,,5,2019-05-13,
22,,9,2019-05-13,
23,,25,2019-05-13,
0,,38,2019-05-14,
1,,196,2019-05-14,
2,,207,2019-05-14,
3,,226,2019-05-14,
4,,172,2019-05-14,
5,,168,2019-05-14,
6,,174,2019-05-14,
7,,174,2019-05-14,
8,,169,2019-05-14,
9,,136,2019-05-14,
10,,196,2019-05-14,
11,,189,2019-05-14,
12,,99,2019-05-14,
13,,135,2019-05-14,
14,,165,2019-05-14,
15,,136,2019-05-14,
16,,98,2019-05-14,
17,,36,2019-05-14,
18,,45,2019-05-14,
19,,23,2019-05-14,
20,,11,2019-05-14,
21,,5,2019-05-14,
22,,10,2019-05-14,
23,,25,2019-05-14,
0,,38,2019-05-15,
1,,196,2019-05-15,
2,,207,2019-05-15,
3,,227,2019-05-15,
4,,172,2019-05-15,
5,,168,2019-05-15,
6,,174,2019-05-15,
7,,174,2019-05-15,
8,,169,2019-05-15,
9,,136,2019-05-15,
10,,196,2019-05-15,
11,,189,2019-05-15,
12,,99,2019-05-15,
13,,135,2019-05-15,
14,,165,2019-05-15,
15,,136,2019-05-15,
16,,98,2019-05-15,
17,,36,2019-05-15,
18,,45,2019-05-15,
19,,23,2019-05-15,
20,,11,2019-05-15,
21,,5,2019-05-15,
22,,10,2019-05-15,
23,,25,2019-05-15,
0,,38,2019-05-16,
1,,196,2019-05-16,
2,,207,2019-05-16,
3,,227,2019-05-16,
4,,172,2019-05-16,
5,,168,2019-05-16,
6,,174,2019-05-16,
7,,174,2019-05-16,
8,,169,2019-05-16,
9,,136,2019-05-16,
10,,196,2019-05-16,
11,,189,2019-05-16,
12,,99,2019-05-16,
13,,135,2019-05-16,
14,,165,2019-05-16,
15,,136,2019-05-16,
16,,98,2019-05-16,
17,,36,2019-05-16,
18,,45,2019-05-16,
19,,23,2019-05-16,
20,,11,2019-05-16,
21,,5,2019-05-16,
22,,10,2019-05-16,
23,,25,2019-05-16,
0,,38,2019-05-17,
1,,196,2019-05-17,
2,,207,2019-05-17,
3,,227,2019-05-17,
4,,172,2019-05-17,
5,,168,2019-05-17,
6,,174,2019-05-17,
7,,174,2019-05-17,
8,,169,2019-05-17,
9,,136,2019-05-17,
10,,196,2019-05-17,
11,,189,2019-05-17,
12,,99,2019-05-17,
13,,135,2019-05-17,
14,,165,2019-05-17,
15,,136,2019-05-17,
16,,98,2019-05-17,
17,,36,2019-05-17,
18,,45,2019-05-17,
19,,23,2019-05-17,
20,,11,2019-05-17,
21,,5,2019-05-17,
22,,10,2019-05-17,
23,,25,2019-05-17,
0,,38,2019-05-18,
1,,196,2019-05-18,
2,,207,2019-05-18,
3,,227,2019-05-18,
4,,172,2019-05-18,
5,,168,2019-05-18,
6,,174,2019-05-18,
7,,174,2019-05-18,
8,,169,2019-05-18,
9,,136,2019-05-18,
10,,199,2019-05-18,
11,,189,2019-05-18,
12,,99,2019-05-18,
13,,135,2019-05-18,
14,,167,2019-05-18,
15,,136,2019-05-18,
16,,98,2019-05-18,
17,,36,2019-05-18,
18,,45,2019-05-18,
19,,23,2019-05-18,
20,,11,2019-05-18,
21,,5,2019-05-18,
22,,10,2019-05-18,
23,,25,2019-05-18,
0,,38,2019-05-19,
1,,196,2019-05-19,
2,,207,2019-05-19,
3,,227,2019-05-19,
4,,172,2019-05-19,
5,,168,2019-05-19,
6,,174,2019-05-19,
7,,174,2019-05-19,
8,,169,2019-05-19,
9,,136,2019-05-19,
10,,199,2019-05-19,
11,,189,2019-05-19,
12,,99,2019-05-19,
13,,135,2019-05-19,
14,,167,2019-05-19,
15,,136,2019-05-19,
16,,98,2019-05-19,
17,,36,2019-05-19,
18,,45,2019-05-19,
19,,23,2019-05-19,
20,,11,2019-05-19,
21,,5,2019-05-19,
22,,10,2019-05-19,
23,,25,2019-05-19,
0,,38,2019-05-20,
1,,196,2019-05-20,
2,,207,2019-05-20,
3,,227,2019-05-20,
4,,172,2019-05-20,
5,,168,2019-05-20,
6,,174,2019-05-20,
7,,174,2019-05-20,
8,,169,2019-05-20,
9,,136,2019-05-20,
10,,199,2019-05-20,
11,,189,2019-05-20,
12,,99,2019-05-20,
13,,135,2019-05-20,
14,,167,2019-05-20,
15,,136,2019-05-20,
16,,98,2019-05-20,
17,,36,2019-05-20,
18,,45,2019-05-20,
19,,23,2019-05-20,
20,,11,2019-05-20,
21,,5,2019-05-20,
22,,10,2019-05-20,
23,,25,2019-05-20,
0,,38,2019-05-21,
1,,196,2019-05-21,
2,,207,2019-05-21,
3,,227,2019-05-21,
4,,172,2019-05-21,
5,,168,2019-05-21,
6,,174,2019-05-21,
7,,174,2019-05-21,
8,,169,2019-05-21,
9,,136,2019-05-21,
10,,199,2019-05-21,
11,,189,2019-05-21,
12,,99,2019-05-21,
13,,135,2019-05-21,
14,,167,2019-05-21,
15,,136,2019-05-21,
16,,98,2019-05-21,
17,,36,2019-05-21,
18,,45,2019-05-21,
19,,23,2019-05-21,
20,,11,2019-05-21,
21,,5,2019-05-21,
22,,10,2019-05-21,
23,,25,2019-05-21,
0,,38,2019-05-22,
1,,196,2019-05-22,
2,,207,2019-05-22,
3,,228,2019-05-22,
4,,172,2019-05-22,
5,,168,2019-05-22,
6,,174,2019-05-22,
7,,174,2019-05-22,
8,,171,2019-05-22,
9,,136,2019-05-22,
10,,199,2019-05-22,
11,,189,2019-05-22,
12,,99,2019-05-22,
13,,135,2019-05-22,
14,,167,2019-05-22,
15,,136,2019-05-22,
16,,98,2019-05-22,
17,,36,2019-05-22,
18,,45,2019-05-22,
19,,23,2019-05-22,
20,,11,2019-05-22,
21,,5,2019-05-22,
22,,10,2019-05-22,
23,,25,2019-05-22,
0,,38,2019-05-23,
1,,196,2019-05-23,
2,,207,2019-05-23,
3,,228,2019-05-23,
4,,172,2019-05-23,
5,,168,2019-05-23,
6,,174,2019-05-23,
7,,174,2019-05-23,
8,,171,2019-05-23,
9,,136,2019-05-23,
10,,199,2019-05-23,
11,,189,2019-05-23,
12,,99,2019-05-23,
13,,135,2019-05-23,
14,,167,2019-05-23,
15,,136,2019-05-23,
16,,98,2019-05-23,
17,,36,2019-05-23,
18,,45,2019-05-23,
19,,23,2019-05-23,
20,,11,2019-05-23,
21,,5,2019-05-23,
22,,10,2019-05-23,
23,,25,2019-05-23,
0,,39,2019-05-24,
1,,196,2019-05-24,
2,,207,2019-05-24,
3,,228,2019-05-24,
4,,172,2019-05-24,
5,,169,2019-05-24,
6,,174,2019-05-24,
7,,174,2019-05-24,
8,,171,2019-05-24,
9,,136,2019-05-24,
10,,199,2019-05-24,
11,,189,2019-05-24,
12,,99,2019-05-24,
13,,135,2019-05-24,
14,,167,2019-05-24,
15,,136,2019-05-24,
16,,98,2019-05-24,
17,,36,2019-05-24,
18,,45,2019-05-24,
19,,23,2019-05-24,
20,,11,2019-05-24,
21,,5,2019-05-24,
22,,10,2019-05-24,
23,,25,2019-05-24,
0,,39,2019-05-25,
1,,197,2019-05-25,
2,,207,2019-05-25,
3,,228,2019-05-25,
4,,172,2019-05-25,
5,,169,2019-05-25,
6,,174,2019-05-25,
7,,174,2019-05-25,
8,,174,2019-05-25,
9,,136,2019-05-25,
10,,199,2019-05-25,
11,,189,2019-05-25,
12,,99,2019-05-25,
13,,135,2019-05-25,
14,,167,2019-05-25,
15,,136,2019-05-25,
16,,98,2019-05-25,
17,,36,2019-05-25,
18,,45,2019-05-25,
19,,23,2019-05-25,
20,,11,2019-05-25,
21,,5,2019-05-25,
22,,10,2019-05-25,
23,,25,2019-05-25,
0,,39,2019-05-26,
1,,197,2019-05-26,
2,,207,2019-05-26,
3,,228,2019-05-26,
4,,172,2019-05-26,
5,,169,2019-05-26,
6,,174,2019-05-26,
7,,174,2019-05-26,
8,,174,2019-05-26,
9,,136,2019-05-26,
10,,199,2019-05-26,
11,,189,2019-05-26,
12,,99,2019-05-26,
13,,135,2019-05-26,
14,,167,2019-05-26,
15,,136,2019-05-26,
16,,98,2019-05-26,
17,,36,2019-05-26,
18,,45,2019-05-26,
19,,23,2019-05-26,
20,,11,2019-05-26,
21,,5,2019-05-26,
22,,11,2019-05-26,
23,,25,2019-05-26,
0,,39,2019-05-27,
1,,198,2019-05-27,
2,,218,2019-05-27,
3,,234,2019-05-27,
4,,172,2019-05-27,
5,,169,2019-05-27,
6,,174,2019-05-27,
7,,175,2019-05-27,
8,,174,2019-05-27,
9,,136,2019-05-27,
10,,199,2019-05-27,
11,,189,2019-05-27,
12,,99,2019-05-27,
13,,135,2019-05-27,
14,,167,2019-05-27,
15,,136,2019-05-27,
16,,98,2019-05-27,
17,,36,2019-05-27,
18,,45,2019-05-27,
19,,23,2019-05-27,
20,,11,2019-05-27,
21,,5,2019-05-27,
22,,11,2019-05-27,
23,,25,2019-05-27,
0,,39,2019-05-28,
1,,198,2019-05-28,
2,,218,2019-05-28,
3,,234,2019-05-28,
4,,172,2019-05-28,
5,,169,2019-05-28,
6,,174,2019-05-28,
7,,175,2019-05-28,
8,,174,2019-05-28,
9,,136,2019-05-28,
10,,200,2019-05-28,
11,,189,2019-05-28,
12,,101,2019-05-28,
13,,135,2019-05-28,
14,,167,2019-05-28,
15,,136,2019-05-28,
16,,98,2019-05-28,
17,,36,2019-05-28,
18,,45,2019-05-28,
19,,23,2019-05-28,
20,,11,2019-05-28,
21,,5,2019-05-28,
22,,11,2019-05-28,
23,,25,2019-05-28,
0,,39,2019-05-29,
1,,198,2019-05-29,
2,,218,2019-05-29,
3,,234,2019-05-29,
4,,172,2019-05-29,
5,,169,2019-05-29,
6,,174,2019-05-29,
7,,175,2019-05-29,
8,,174,2019-05-29,
9,,136,2019-05-29,
10,,200,2019-05-29,
11,,189,2019-05-29,
12,,101,2019-05-29,
13,,135,2019-05-29,
14,,167,2019-05-29,
15,,136,2019-05-29,
16,,98,2019-05-29,
17,,36,2019-05-29,
18,,45,2019-05-29,
19,,23,2019-05-29,
20,,11,2019-05-29,
21,,9,2019-05-29,
22,,11,2019-05-29,
23,,25,2019-05-29,
0,,39,2019-05-30,
1,,198,2019-05-30,
2,,218,2019-05-30,
3,,234,2019-05-30,
4,,172,2019-05-30,
5,,169,2019-05-30,
6,,174,2019-05-30,
7,,175,2019-05-30,
8,,174,2019-05-30,
9,,136,2019-05-30,
10,,200,2019-05-30,
11,,189,2019-05-30,
12,,101,2019-05-30,
13,,135,2019-05-30,
14,,167,2019-05-30,
15,,136,2019-05-30,
16,,98,2019-05-30,
17,,36,2019-05-30,
18,,45,2019-05-30,
19,,23,2019-05-30,
20,,11,2019-05-30,
21,,9,2019-05-30,
22,,11,2019-05-30,
23,,25,2019-05-30,
0,,39,2019-05-31,
1,,200,2019-05-31,
2,,218,2019-05-31,
3,,235,2019-05-31,
4,,172,2019-05-31,
5,,169,2019-05-31,
6,,174,2019-05-31,
7,,175,2019-05-31,
8,,174,2019-05-31,
9,,136,2019-05-31,
10,,200,2019-05-31,
11,,189,2019-05-31,
12,,101,2019-05-31,
13,,136,2019-05-31,
14,,167,2019-05-31,
15,,136,2019-05-31,
16,,98,2019-05-31,
17,,36,2019-05-31,
18,,45,2019-05-31,
19,,23,2019-05-31,
20,,11,2019-05-31,
21,,9,2019-05-31,
22,,11,2019-05-31,
23,,25,2019-05-31,
0,,39,2019-06-01,
1,,200,2019-06-01,
2,,218,2019-06-01,
3,,236,2019-06-01,
4,,172,2019-06-01,
5,,169,2019-06-01,
6,,174,2019-06-01,
7,,175,2019-06-01,
8,,178,2019-06-01,
9,,136,2019-06-01,
10,,200,2019-06-01,
11,,189,2019-06-01,
12,,101,2019-06-01,
13,,136,2019-06-01,
14,,167,2019-06-01,
15,,136,2019-06-01,
16,,98,2019-06-01,
17,,36,2019-06-01,
18,,45,2019-06-01,
19,,23,2019-06-01,
20,,11,2019-06-01,
21,,9,2019-06-01,
22,,11,2019-06-01,
23,,25,2019-06-01,
0,,39,2019-06-02,
1,,200,2019-06-02,
2,,218,2019-06-02,
3,,236,2019-06-02,
4,,172,2019-06-02,
5,,169,2019-06-02,
6,,174,2019-06-02,
7,,175,2019-06-02,
8,,178,2019-06-02,
9,,136,2019-06-02,
10,,200,2019-06-02,
11,,189,2019-06-02,
12,,101,2019-06-02,
13,,136,2019-06-02,
14,,167,2019-06-02,
15,,136,2019-06-02,
16,,98,2019-06-02,
17,,36,2019-06-02,
18,,45,2019-06-02,
19,,23,2019-06-02,
20,,11,2019-06-02,
21,,9,2019-06-02,
22,,11,2019-06-02,
23,,25,2019-06-02,
0,,39,2019-06-03,
1,,200,2019-06-03,
2,,218,2019-06-03,
3,,236,2019-06-03,
4,,172,2019-06-03,
5,,169,2019-06-03,
6,,174,2019-06-03,
7,,175,2019-06-03,
8,,178,2019-06-03,
9,,136,2019-06-03,
10,,200,2019-06-03,
11,,189,2019-06-03,
12,,101,2019-06-03,
13,,136,2019-06-03,
14,,167,2019-06-03,
15,,136,2019-06-03,
16,,98,2019-06-03,
17,,36,2019-06-03,
18,,45,2019-06-03,
19,,23,2019-06-03,
20,,11,2019-06-03,
21,,9,2019-06-03,
22,,11,2019-06-03,
23,,25,2019-06-03,
0,,39,2019-06-04,
1,,200,2019-06-04,
2,,218,2019-06-04,
3,,236,2019-06-04,
4,,172,2019-06-04,
5,,169,2019-06-04,
6,,174,2019-06-04,
7,,175,2019-06-04,
8,,178,2019-06-04,
9,,136,2019-06-04,
10,,200,2019-06-04,
11,,189,2019-06-04,
12,,101,2019-06-04,
13,,136,2019-06-04,
14,,167,2019-06-04,
15,,136,2019-06-04,
16,,98,2019-06-04,
17,,36,2019-06-04,
18,,45,2019-06-04,
19,,23,2019-06-04,
20,,11,2019-06-04,
21,,9,2019-06-04,
22,,11,2019-06-04,
23,,25,2019-06-04,
0,,39,2019-06-05,
1,,200,2019-06-05,
2,,218,2019-06-05,
3,,236,2019-06-05,
4,,172,2019-06-05,
5,,169,2019-06-05,
6,,174,2019-06-05,
7,,176,2019-06-05,
8,,178,2019-06-05,
9,,139,2019-06-05,
10,,202,2019-06-05,
11,,189,2019-06-05,
12,,101,2019-06-05,
13,,136,2019-06-05,
14,,167,2019-06-05,
15,,136,2019-06-05,
16,,98,2019-06-05,
17,,36,2019-06-05,
18,,45,2019-06-05,
19,,23,2019-06-05,
20,,11,2019-06-05,
21,,9,2019-06-05,
22,,11,2019-06-05,
23,,25,2019-06-05,
0,,39,2019-06-06,
1,,200,2019-06-06,
2,,218,2019-06-06,
3,,236,2019-06-06,
4,,172,2019-06-06,
5,,169,2019-06-06,
6,,174,2019-06-06,
7,,176,2019-06-06,
8,,178,2019-06-06,
9,,139,2019-06-06,
10,,202,2019-06-06,
11,,189,2019-06-06,
12,,101,2019-06-06,
13,,136,2019-06-06,
14,,167,2019-06-06,
15,,136,2019-06-06,
16,,98,2019-06-06,
17,,36,2019-06-06,
18,,45,2019-06-06,
19,,23,2019-06-06,
20,,11,2019-06-06,
21,,9,2019-06-06,
22,,11,2019-06-06,
23,,25,2019-06-06,
0,,39,2019-06-07,
1,,200,2019-06-07,
2,,218,2019-06-07,
3,,236,2019-06-07,
4,,172,2019-06-07,
5,,169,2019-06-07,
6,,174,2019-06-07,
7,,176,2019-06-07,
8,,178,2019-06-07,
9,,139,2019-06-07,
10,,202,2019-06-07,
11,,189,2019-06-07,
12,,101,2019-06-07,
13,,136,2019-06-07,
14,,167,2019-06-07,
15,,136,2019-06-07,
16,,98,2019-06-07,
17,,36,2019-06-07,
18,,45,2019-06-07,
19,,23,2019-06-07,
20,,11,2019-06-07,
21,,9,2019-06-07,
22,,11,2019-06-07,
23,,25,2019-06-07,
0,,39,2019-06-08,
1,,200,2019-06-08,
2,,218,2019-06-08,
3,,236,2019-06-08,
4,,172,2019-06-08,
5,,169,2019-06-08,
6,,174,2019-06-08,
7,,176,2019-06-08,
8,,178,2019-06-08,
9,,139,2019-06-08,
10,,202,2019-06-08,
11,,189,2019-06-08,
12,,101,2019-06-08,
13,,136,2019-06-08,
14,,167,2019-06-08,
15,,136,2019-06-08,
16,,98,2019-06-08,
17,,36,2019-06-08,
18,,45,2019-06-08,
19,,23,2019-06-08,
20,,11,2019-06-08,
21,,9,2019-06-08,
22,,11,2019-06-08,
23,,25,2019-06-08,
0,,39,2019-06-09,
1,,200,2019-06-09,
2,,218,2019-06-09,
3,,236,2019-06-09,
4,,172,2019-06-09,
5,,169,2019-06-09,
6,,174,2019-06-09,
7,,176,2019-06-09,
8,,178,2019-06-09,
9,,139,2019-06-09,
10,,202,2019-06-09,
11,,189,2019-06-09,
12,,101,2019-06-09,
13,,136,2019-06-09,
14,,167,2019-06-09,
15,,136,2019-06-09,
16,,98,2019-06-09,
17,,36,2019-06-09,
18,,45,2019-06-09,
19,,23,2019-06-09,
20,,11,2019-06-09,
21,,9,2019-06-09,
22,,11,2019-06-09,
23,,25,2019-06-09,
0,,39,2019-06-10,
1,,200,2019-06-10,
2,,218,2019-06-10,
3,,236,2019-06-10,
4,,172,2019-06-10,
5,,169,2019-06-10,
6,,174,2019-06-10,
7,,176,2019-06-10,
8,,178,2019-06-10,
9,,139,2019-06-10,
10,,202,2019-06-10,
11,,189,2019-06-10,
12,,101,2019-06-10,
13,,136,2019-06-10,
14,,167,2019-06-10,
15,,136,2019-06-10,
16,,98,2019-06-10,
17,,36,2019-06-10,
18,,45,2019-06-10,
19,,23,2019-06-10,
20,,11,2019-06-10,
21,,9,2019-06-10,
22,,11,2019-06-10,
23,,25,2019-06-10,
0,,39,2019-06-11,
1,,200,2019-06-11,
2,,218,2019-06-11,
3,,236,2019-06-11,
4,,172,2019-06-11,
5,,169,2019-06-11,
6,,175,2019-06-11,
7,,177,2019-06-11,
8,,187,2019-06-11,
9,,139,2019-06-11,
10,,202,2019-06-11,
11,,189,2019-06-11,
12,,101,2019-06-11,
13,,136,2019-06-11,
14,,167,2019-06-11,
15,,136,2019-06-11,
16,,98,2019-06-11,
17,,36,2019-06-11,
18,,45,2019-06-11,
19,,23,2019-06-11,
20,,11,2019-06-11,
21,,9,2019-06-11,
22,,11,2019-06-11,
23,,25,2019-06-11,
0,,39,2019-06-12,
1,,200,2019-06-12,
2,,218,2019-06-12,
3,,236,2019-06-12,
4,,172,2019-06-12,
5,,169,2019-06-12,
6,,175,2019-06-12,
7,,177,2019-06-12,
8,,187,2019-06-12,
9,,139,2019-06-12,
10,,202,2019-06-12,
11,,189,2019-06-12,
12,,101,2019-06-12,
13,,136,2019-06-12,
14,,167,2019-06-12,
15,,136,2019-06-12,
16,,98,2019-06-12,
17,,36,2019-06-12,
18,,45,2019-06-12,
19,,23,2019-06-12,
20,,11,2019-06-12,
21,,9,2019-06-12,
22,,11,2019-06-12,
23,,25,2019-06-12,
0,,39,2019-06-13,
1,,200,2019-06-13,
2,,218,2019-06-13,
3,,237,2019-06-13,
4,,172,2019-06-13,
5,,169,2019-06-13,
6,,175,2019-06-13,
7,,177,2019-06-13,
8,,187,2019-06-13,
9,,139,2019-06-13,
10,,202,2019-06-13,
11,,189,2019-06-13,
12,,101,2019-06-13,
13,,136,2019-06-13,
14,,167,2019-06-13,
15,,136,2019-06-13,
16,,98,2019-06-13,
17,,36,2019-06-13,
18,,45,2019-06-13,
19,,23,2019-06-13,
20,,11,2019-06-13,
21,,9,2019-06-13,
22,,11,2019-06-13,
23,,25,2019-06-13,
0,,39,2019-06-14,
1,,200,2019-06-14,
2,,218,2019-06-14,
3,,237,2019-06-14,
4,,172,2019-06-14,
5,,169,2019-06-14,
6,,175,2019-06-14,
7,,177,2019-06-14,
8,,187,2019-06-14,
9,,139,2019-06-14,
10,,202,2019-06-14,
11,,189,2019-06-14,
12,,102,2019-06-14,
13,,136,2019-06-14,
14,,167,2019-06-14,
15,,136,2019-06-14,
16,,98,2019-06-14,
17,,36,2019-06-14,
18,,45,2019-06-14,
19,,23,2019-06-14,
20,,11,2019-06-14,
21,,9,2019-06-14,
22,,11,2019-06-14,
23,,25,2019-06-14,
0,,39,2019-06-15,
1,,200,2019-06-15,
2,,218,2019-06-15,
3,,237,2019-06-15,
4,,172,2019-06-15,
5,,169,2019-06-15,
6,,175,2019-06-15,
7,,177,2019-06-15,
8,,187,2019-06-15,
9,,139,2019-06-15,
10,,202,2019-06-15,
11,,189,2019-06-15,
12,,102,2019-06-15,
13,,136,2019-06-15,
14,,167,2019-06-15,
15,,136,2019-06-15,
16,,98,2019-06-15,
17,,36,2019-06-15,
18,,45,2019-06-15,
19,,23,2019-06-15,
20,,11,2019-06-15,
21,,9,2019-06-15,
22,,11,2019-06-15,
23,,25,2019-06-15,
0,,39,2019-06-16,
1,,200,2019-06-16,
2,,218,2019-06-16,
3,,237,2019-06-16,
4,,172,2019-06-16,
5,,169,2019-06-16,
6,,175,2019-06-16,
7,,177,2019-06-16,
8,,187,2019-06-16,
9,,139,2019-06-16,
10,,202,2019-06-16,
11,,189,2019-06-16,
12,,102,2019-06-16,
13,,136,2019-06-16,
14,,167,2019-06-16,
15,,136,2019-06-16,
16,,98,2019-06-16,
17,,36,2019-06-16,
18,,45,2019-06-16,
19,,23,2019-06-16,
20,,11,2019-06-16,
21,,9,2019-06-16,
22,,11,2019-06-16,
23,,25,2019-06-16,
0,,39,2019-06-17,
1,,200,2019-06-17,
2,,218,2019-06-17,
3,,237,2019-06-17,
4,,172,2019-06-17,
5,,169,2019-06-17,
6,,175,2019-06-17,
7,,177,2019-06-17,
8,,187,2019-06-17,
9,,139,2019-06-17,
10,,202,2019-06-17,
11,,189,2019-06-17,
12,,102,2019-06-17,
13,,136,2019-06-17,
14,,167,2019-06-17,
15,,136,2019-06-17,
16,,98,2019-06-17,
17,,36,2019-06-17,
18,,45,2019-06-17,
19,,23,2019-06-17,
20,,11,2019-06-17,
21,,9,2019-06-17,
22,,11,2019-06-17,
23,,25,2019-06-17,
0,,39,2019-06-18,
1,,200,2019-06-18,
2,,218,2019-06-18,
3,,237,2019-06-18,
4,,172,2019-06-18,
5,,169,2019-06-18,
6,,175,2019-06-18,
7,,177,2019-06-18,
8,,187,2019-06-18,
9,,139,2019-06-18,
10,,202,2019-06-18,
11,,189,2019-06-18,
12,,102,2019-06-18,
13,,136,2019-06-18,
14,,167,2019-06-18,
15,,136,2019-06-18,
16,,98,2019-06-18,
17,,36,2019-06-18,
18,,45,2019-06-18,
19,,23,2019-06-18,
20,,11,2019-06-18,
21,,9,2019-06-18,
22,,11,2019-06-18,
23,,25,2019-06-18,
0,,39,2019-06-19,
1,,200,2019-06-19,
2,,218,2019-06-19,
3,,237,2019-06-19,
4,,172,2019-06-19,
5,,169,2019-06-19,
6,,175,2019-06-19,
7,,177,2019-06-19,
8,,187,2019-06-19,
9,,139,2019-06-19,
10,,202,2019-06-19,
11,,189,2019-06-19,
12,,102,2019-06-19,
13,,136,2019-06-19,
14,,167,2019-06-19,
15,,136,2019-06-19,
16,,98,2019-06-19,
17,,36,2019-06-19,
18,,45,2019-06-19,
19,,23,2019-06-19,
20,,11,2019-06-19,
21,,9,2019-06-19,
22,,11,2019-06-19,
23,,25,2019-06-19,
0,,39,2019-06-20,
1,,200,2019-06-20,
2,,218,2019-06-20,
3,,237,2019-06-20,
4,,172,2019-06-20,
5,,169,2019-06-20,
6,,175,2019-06-20,
7,,177,2019-06-20,
8,,187,2019-06-20,
9,,139,2019-06-20,
10,,202,2019-06-20,
11,,189,2019-06-20,
12,,102,2019-06-20,
13,,136,2019-06-20,
14,,167,2019-06-20,
15,,136,2019-06-20,
16,,98,2019-06-20,
17,,36,2019-06-20,
18,,45,2019-06-20,
19,,23,2019-06-20,
20,,11,2019-06-20,
21,,9,2019-06-20,
22,,11,2019-06-20,
23,,25,2019-06-20,
0,,39,2019-06-21,
1,,200,2019-06-21,
2,,218,2019-06-21,
3,,237,2019-06-21,
4,,172,2019-06-21,
5,,169,2019-06-21,
6,,175,2019-06-21,
7,,177,2019-06-21,
8,,187,2019-06-21,
9,,139,2019-06-21,
10,,202,2019-06-21,
11,,189,2019-06-21,
12,,102,2019-06-21,
13,,138,2019-06-21,
14,,167,2019-06-21,
15,,136,2019-06-21,
16,,98,2019-06-21,
17,,36,2019-06-21,
18,,45,2019-06-21,
19,,23,2019-06-21,
20,,11,2019-06-21,
21,,9,2019-06-21,
22,,11,2019-06-21,
23,,25,2019-06-21,
0,,39,2019-06-22,
1,,200,2019-06-22,
2,,218,2019-06-22,
3,,237,2019-06-22,
4,,172,2019-06-22,
5,,169,2019-06-22,
6,,175,2019-06-22,
7,,178,2019-06-22,
8,,187,2019-06-22,
9,,139,2019-06-22,
10,,202,2019-06-22,
11,,189,2019-06-22,
12,,102,2019-06-22,
13,,138,2019-06-22,
14,,167,2019-06-22,
15,,136,2019-06-22,
16,,98,2019-06-22,
17,,36,2019-06-22,
18,,45,2019-06-22,
19,,23,2019-06-22,
20,,11,2019-06-22,
21,,9,2019-06-22,
22,,11,2019-06-22,
23,,25,2019-06-22,
0,,39,2019-06-23,
1,,200,2019-06-23,
2,,218,2019-06-23,
3,,237,2019-06-23,
4,,172,2019-06-23,
5,,169,2019-06-23,
6,,175,2019-06-23,
7,,178,2019-06-23,
8,,187,2019-06-23,
9,,139,2019-06-23,
10,,202,2019-06-23,
11,,189,2019-06-23,
12,,102,2019-06-23,
13,,139,2019-06-23,
14,,167,2019-06-23,
15,,136,2019-06-23,
16,,98,2019-06-23,
17,,36,2019-06-23,
18,,45,2019-06-23,
19,,23,2019-06-23,
20,,11,2019-06-23,
21,,9,2019-06-23,
22,,11,2019-06-23,
23,,25,2019-06-23,
0,,39,2019-06-24,
1,,200,2019-06-24,
2,,218,2019-06-24,
3,,237,2019-06-24,
4,,172,2019-06-24,
5,,169,2019-06-24,
6,,175,2019-06-24,
7,,178,2019-06-24,
8,,187,2019-06-24,
9,,139,2019-06-24,
10,,202,2019-06-24,
11,,189,2019-06-24,
12,,102,2019-06-24,
13,,139,2019-06-24,
14,,167,2019-06-24,
15,,136,2019-06-24,
16,,98,2019-06-24,
17,,36,2019-06-24,
18,,45,2019-06-24,
19,,23,2019-06-24,
20,,11,2019-06-24,
21,,9,2019-06-24,
22,,11,2019-06-24,
23,,25,2019-06-24,
0,,39,2019-06-25,
1,,200,2019-06-25,
2,,218,2019-06-25,
3,,237,2019-06-25,
4,,172,2019-06-25,
5,,169,2019-06-25,
6,,175,2019-06-25,
7,,178,2019-06-25,
8,,187,2019-06-25,
9,,139,2019-06-25,
10,,202,2019-06-25,
11,,189,2019-06-25,
12,,102,2019-06-25,
13,,139,2019-06-25,
14,,167,2019-06-25,
15,,136,2019-06-25,
16,,98,2019-06-25,
17,,36,2019-06-25,
18,,45,2019-06-25,
19,,23,2019-06-25,
20,,11,2019-06-25,
21,,9,2019-06-25,
22,,11,2019-06-25,
23,,25,2019-06-25,
0,,39,2019-06-26,
1,,200,2019-06-26,
2,,218,2019-06-26,
3,,237,2019-06-26,
4,,172,2019-06-26,
5,,169,2019-06-26,
6,,175,2019-06-26,
7,,178,2019-06-26,
8,,187,2019-06-26,
9,,139,2019-06-26,
10,,202,2019-06-26,
11,,189,2019-06-26,
12,,102,2019-06-26,
13,,139,2019-06-26,
14,,167,2019-06-26,
15,,136,2019-06-26,
16,,98,2019-06-26,
17,,36,2019-06-26,
18,,45,2019-06-26,
19,,23,2019-06-26,
20,,11,2019-06-26,
21,,9,2019-06-26,
22,,11,2019-06-26,
23,,25,2019-06-26,
0,,39,2019-06-27,
1,,200,2019-06-27,
2,,218,2019-06-27,
3,,237,2019-06-27,
4,,172,2019-06-27,
5,,169,2019-06-27,
6,,175,2019-06-27,
7,,178,2019-06-27,
8,,187,2019-06-27,
9,,139,2019-06-27,
10,,202,2019-06-27,
11,,189,2019-06-27,
12,,102,2019-06-27,
13,,139,2019-06-27,
14,,167,2019-06-27,
15,,136,2019-06-27,
16,,98,2019-06-27,
17,,36,2019-06-27,
18,,45,2019-06-27,
19,,23,2019-06-27,
20,,11,2019-06-27,
21,,9,2019-06-27,
22,,11,2019-06-27,
23,,25,2019-06-27,
0,,39,2019-06-28,
1,,200,2019-06-28,
2,,218,2019-06-28,
3,,237,2019-06-28,
4,,172,2019-06-28,
5,,169,2019-06-28,
6,,175,2019-06-28,
7,,178,2019-06-28,
8,,187,2019-06-28,
9,,139,2019-06-28,
10,,202,2019-06-28,
11,,189,2019-06-28,
12,,102,2019-06-28,
13,,139,2019-06-28,
14,,167,2019-06-28,
15,,136,2019-06-28,
16,,98,2019-06-28,
17,,36,2019-06-28,
18,,45,2019-06-28,
19,,23,2019-06-28,
20,,11,2019-06-28,
21,,9,2019-06-28,
22,,11,2019-06-28,
23,,25,2019-06-28,
0,,39,2019-06-29,
1,,200,2019-06-29,
2,,218,2019-06-29,
3,,237,2019-06-29,
4,,172,2019-06-29,
5,,169,2019-06-29,
6,,175,2019-06-29,
7,,178,2019-06-29,
8,,187,2019-06-29,
9,,139,2019-06-29,
10,,202,2019-06-29,
11,,189,2019-06-29,
12,,102,2019-06-29,
13,,139,2019-06-29,
14,,167,2019-06-29,
15,,136,2019-06-29,
16,,98,2019-06-29,
17,,36,2019-06-29,
18,,45,2019-06-29,
19,,23,2019-06-29,
20,,11,2019-06-29,
21,,9,2019-06-29,
22,,11,2019-06-29,
23,,25,2019-06-29,
0,,39,2019-06-30,
1,,200,2019-06-30,
2,,218,2019-06-30,
3,,237,2019-06-30,
4,,172,2019-06-30,
5,,169,2019-06-30,
6,,175,2019-06-30,
7,,178,2019-06-30,
8,,187,2019-06-30,
9,,139,2019-06-30,
10,,202,2019-06-30,
11,,189,2019-06-30,
12,,102,2019-06-30,
13,,139,2019-06-30,
14,,167,2019-06-30,
15,,136,2019-06-30,
16,,98,2019-06-30,
17,,36,2019-06-30,
18,,45,2019-06-30,
19,,23,2019-06-30,
20,,11,2019-06-30,
21,,9,2019-06-30,
22,,11,2019-06-30,
23,,25,2019-06-30,
0,,39,2019-07-01,
1,,200,2019-07-01,
2,,218,2019-07-01,
3,,237,2019-07-01,
4,,172,2019-07-01,
5,,169,2019-07-01,
6,,175,2019-07-01,
7,,178,2019-07-01,
8,,187,2019-07-01,
9,,139,2019-07-01,
10,,202,2019-07-01,
11,,189,2019-07-01,
12,,102,2019-07-01,
13,,139,2019-07-01,
14,,168,2019-07-01,
15,,136,2019-07-01,
16,,98,2019-07-01,
17,,36,2019-07-01,
18,,45,2019-07-01,
19,,23,2019-07-01,
20,,11,2019-07-01,
21,,9,2019-07-01,
22,,11,2019-07-01,
23,,25,2019-07-01,
0,,39,2019-07-02,
1,,200,2019-07-02,
2,,218,2019-07-02,
3,,237,2019-07-02,
4,,172,2019-07-02,
5,,169,2019-07-02,
6,,175,2019-07-02,
7,,178,2019-07-02,
8,,187,2019-07-02,
9,,139,2019-07-02,
10,,202,2019-07-02,
11,,189,2019-07-02,
12,,102,2019-07-02,
13,,139,2019-07-02,
14,,168,2019-07-02,
15,,136,2019-07-02,
16,,98,2019-07-02,
17,,36,2019-07-02,
18,,45,2019-07-02,
19,,23,2019-07-02,
20,,11,2019-07-02,
21,,9,2019-07-02,
22,,11,2019-07-02,
23,,25,2019-07-02,
0,,39,2019-07-03,
1,,200,2019-07-03,
2,,218,2019-07-03,
3,,237,2019-07-03,
4,,172,2019-07-03,
5,,169,2019-07-03,
6,,175,2019-07-03,
7,,178,2019-07-03,
8,,187,2019-07-03,
9,,139,2019-07-03,
10,,202,2019-07-03,
11,,189,2019-07-03,
12,,102,2019-07-03,
13,,139,2019-07-03,
14,,168,2019-07-03,
15,,136,2019-07-03,
16,,98,2019-07-03,
17,,36,2019-07-03,
18,,45,2019-07-03,
19,,23,2019-07-03,
20,,11,2019-07-03,
21,,9,2019-07-03,
22,,11,2019-07-03,
23,,25,2019-07-03,
0,,39,2019-07-04,
1,,200,2019-07-04,
2,,218,2019-07-04,
3,,237,2019-07-04,
4,,172,2019-07-04,
5,,169,2019-07-04,
6,,175,2019-07-04,
7,,178,2019-07-04,
8,,187,2019-07-04,
9,,139,2019-07-04,
10,,202,2019-07-04,
11,,189,2019-07-04,
12,,102,2019-07-04,
13,,139,2019-07-04,
14,,168,2019-07-04,
15,,136,2019-07-04,
16,,98,2019-07-04,
17,,36,2019-07-04,
18,,45,2019-07-04,
19,,23,2019-07-04,
20,,11,2019-07-04,
21,,9,2019-07-04,
22,,11,2019-07-04,
23,,25,2019-07-04,
0,,39,2019-07-05,
1,,200,2019-07-05,
2,,218,2019-07-05,
3,,237,2019-07-05,
4,,172,2019-07-05,
5,,169,2019-07-05,
6,,175,2019-07-05,
7,,178,2019-07-05,
8,,187,2019-07-05,
9,,139,2019-07-05,
10,,202,2019-07-05,
11,,189,2019-07-05,
12,,102,2019-07-05,
13,,139,2019-07-05,
14,,168,2019-07-05,
15,,136,2019-07-05,
16,,98,2019-07-05,
17,,36,2019-07-05,
18,,45,2019-07-05,
19,,23,2019-07-05,
20,,11,2019-07-05,
21,,9,2019-07-05,
22,,11,2019-07-05,
23,,25,2019-07-05,
0,,39,2019-07-06,
1,,200,2019-07-06,
2,,218,2019-07-06,
3,,237,2019-07-06,
4,,172,2019-07-06,
5,,169,2019-07-06,
6,,175,2019-07-06,
7,,178,2019-07-06,
8,,187,2019-07-06,
9,,139,2019-07-06,
10,,202,2019-07-06,
11,,189,2019-07-06,
12,,102,2019-07-06,
13,,139,2019-07-06,
14,,168,2019-07-06,
15,,136,2019-07-06,
16,,98,2019-07-06,
17,,36,2019-07-06,
18,,45,2019-07-06,
19,,23,2019-07-06,
20,,11,2019-07-06,
21,,9,2019-07-06,
22,,11,2019-07-06,
23,,25,2019-07-06,
0,,39,2019-07-07,
1,,200,2019-07-07,
2,,218,2019-07-07,
3,,237,2019-07-07,
4,,172,2019-07-07,
5,,169,2019-07-07,
6,,175,2019-07-07,
7,,178,2019-07-07,
8,,187,2019-07-07,
9,,139,2019-07-07,
10,,202,2019-07-07,
11,,189,2019-07-07,
12,,102,2019-07-07,
13,,139,2019-07-07,
14,,168,2019-07-07,
15,,136,2019-07-07,
16,,98,2019-07-07,
17,,36,2019-07-07,
18,,45,2019-07-07,
19,,23,2019-07-07,
20,,11,2019-07-07,
21,,9,2019-07-07,
22,,11,2019-07-07,
23,,25,2019-07-07,
0,,39,2019-07-08,
1,,200,2019-07-08,
2,,218,2019-07-08,
3,,237,2019-07-08,
4,,172,2019-07-08,
5,,169,2019-07-08,
6,,175,2019-07-08,
7,,178,2019-07-08,
8,,187,2019-07-08,
9,,141,2019-07-08,
10,,202,2019-07-08,
11,,189,2019-07-08,
12,,102,2019-07-08,
13,,139,2019-07-08,
14,,171,2019-07-08,
15,,136,2019-07-08,
16,,98,2019-07-08,
17,,36,2019-07-08,
18,,45,2019-07-08,
19,,23,2019-07-08,
20,,11,2019-07-08,
21,,9,2019-07-08,
22,,11,2019-07-08,
23,,25,2019-07-08,
0,,39,2019-07-09,
1,,200,2019-07-09,
2,,218,2019-07-09,
3,,237,2019-07-09,
4,,172,2019-07-09,
5,,169,2019-07-09,
6,,175,2019-07-09,
7,,178,2019-07-09,
8,,187,2019-07-09,
9,,141,2019-07-09,
10,,202,2019-07-09,
11,,189,2019-07-09,
12,,102,2019-07-09,
13,,139,2019-07-09,
14,,171,2019-07-09,
15,,136,2019-07-09,
16,,98,2019-07-09,
17,,39,2019-07-09,
18,,45,2019-07-09,
19,,23,2019-07-09,
20,,11,2019-07-09,
21,,9,2019-07-09,
22,,11,2019-07-09,
23,,25,2019-07-09,
0,,39,2019-07-10,
1,,200,2019-07-10,
2,,218,2019-07-10,
3,,237,2019-07-10,
4,,172,2019-07-10,
5,,169,2019-07-10,
6,,175,2019-07-10,
7,,178,2019-07-10,
8,,187,2019-07-10,
9,,141,2019-07-10,
10,,202,2019-07-10,
11,,189,2019-07-10,
12,,102,2019-07-10,
13,,139,2019-07-10,
14,,171,2019-07-10,
15,,136,2019-07-10,
16,,98,2019-07-10,
17,,39,2019-07-10,
18,,45,2019-07-10,
19,,23,2019-07-10,
20,,11,2019-07-10,
21,,9,2019-07-10,
22,,11,2019-07-10,
23,,25,2019-07-10,
0,,39,2019-07-11,
1,,200,2019-07-11,
2,,218,2019-07-11,
3,,237,2019-07-11,
4,,172,2019-07-11,
5,,169,2019-07-11,
6,,175,2019-07-11,
7,,178,2019-07-11,
8,,187,2019-07-11,
9,,141,2019-07-11,
10,,202,2019-07-11,
11,,189,2019-07-11,
12,,102,2019-07-11,
13,,139,2019-07-11,
14,,171,2019-07-11,
15,,136,2019-07-11,
16,,98,2019-07-11,
17,,39,2019-07-11,
18,,45,2019-07-11,
19,,23,2019-07-11,
20,,11,2019-07-11,
21,,9,2019-07-11,
22,,11,2019-07-11,
23,,25,2019-07-11,
0,,39,2019-07-12,
1,,200,2019-07-12,
2,,218,2019-07-12,
3,,237,2019-07-12,
4,,172,2019-07-12,
5,,169,2019-07-12,
6,,175,2019-07-12,
7,,178,2019-07-12,
8,,187,2019-07-12,
9,,141,2019-07-12,
10,,202,2019-07-12,
11,,189,2019-07-12,
12,,102,2019-07-12,
13,,139,2019-07-12,
14,,171,2019-07-12,
15,,136,2019-07-12,
16,,98,2019-07-12,
17,,39,2019-07-12,
18,,45,2019-07-12,
19,,23,2019-07-12,
20,,11,2019-07-12,
21,,9,2019-07-12,
22,,11,2019-07-12,
23,,25,2019-07-12,
0,,39,2019-07-13,
1,,200,2019-07-13,
2,,218,2019-07-13,
3,,237,2019-07-13,
4,,172,2019-07-13,
5,,169,2019-07-13,
6,,175,2019-07-13,
7,,178,2019-07-13,
8,,187,2019-07-13,
9,,141,2019-07-13,
10,,202,2019-07-13,
11,,189,2019-07-13,
12,,102,2019-07-13,
13,,139,2019-07-13,
14,,171,2019-07-13,
15,,136,2019-07-13,
16,,98,2019-07-13,
17,,39,2019-07-13,
18,,45,2019-07-13,
19,,23,2019-07-13,
20,,11,2019-07-13,
21,,9,2019-07-13,
22,,11,2019-07-13,
23,,25,2019-07-13,
0,,39,2019-07-14,
1,,200,2019-07-14,
2,,218,2019-07-14,
3,,237,2019-07-14,
4,,172,2019-07-14,
5,,169,2019-07-14,
6,,175,2019-07-14,
7,,178,2019-07-14,
8,,187,2019-07-14,
9,,141,2019-07-14,
10,,202,2019-07-14,
11,,189,2019-07-14,
12,,102,2019-07-14,
13,,139,2019-07-14,
14,,171,2019-07-14,
15,,136,2019-07-14,
16,,98,2019-07-14,
17,,39,2019-07-14,
18,,45,2019-07-14,
19,,23,2019-07-14,
20,,11,2019-07-14,
21,,9,2019-07-14,
22,,11,2019-07-14,
23,,25,2019-07-14,
0,,39,2019-07-15,
1,,200,2019-07-15,
2,,218,2019-07-15,
3,,237,2019-07-15,
4,,172,2019-07-15,
5,,169,2019-07-15,
6,,175,2019-07-15,
7,,178,2019-07-15,
8,,187,2019-07-15,
9,,141,2019-07-15,
10,,203,2019-07-15,
11,,189,2019-07-15,
12,,102,2019-07-15,
13,,139,2019-07-15,
14,,171,2019-07-15,
15,,136,2019-07-15,
16,,98,2019-07-15,
17,,39,2019-07-15,
18,,45,2019-07-15,
19,,23,2019-07-15,
20,,11,2019-07-15,
21,,9,2019-07-15,
22,,11,2019-07-15,
23,,25,2019-07-15,
0,,39,2019-07-16,
1,,200,2019-07-16,
2,,218,2019-07-16,
3,,237,2019-07-16,
4,,172,2019-07-16,
5,,169,2019-07-16,
6,,175,2019-07-16,
7,,181,2019-07-16,
8,,188,2019-07-16,
9,,141,2019-07-16,
10,,203,2019-07-16,
11,,189,2019-07-16,
12,,102,2019-07-16,
13,,139,2019-07-16,
14,,171,2019-07-16,
15,,136,2019-07-16,
16,,98,2019-07-16,
17,,39,2019-07-16,
18,,45,2019-07-16,
19,,23,2019-07-16,
20,,11,2019-07-16,
21,,9,2019-07-16,
22,,11,2019-07-16,
23,,25,2019-07-16,
0,,39,2019-07-17,
1,,200,2019-07-17,
2,,218,2019-07-17,
3,,237,2019-07-17,
4,,172,2019-07-17,
5,,169,2019-07-17,
6,,175,2019-07-17,
7,,181,2019-07-17,
8,,190,2019-07-17,
9,,141,2019-07-17,
10,,203,2019-07-17,
11,,189,2019-07-17,
12,,103,2019-07-17,
13,,139,2019-07-17,
14,,171,2019-07-17,
15,,136,2019-07-17,
16,,98,2019-07-17,
17,,39,2019-07-17,
18,,45,2019-07-17,
19,,23,2019-07-17,
20,,11,2019-07-17,
21,,9,2019-07-17,
22,,11,2019-07-17,
23,,25,2019-07-17,
0,,39,2019-07-18,
1,,200,2019-07-18,
2,,218,2019-07-18,
3,,237,2019-07-18,
4,,172,2019-07-18,
5,,169,2019-07-18,
6,,175,2019-07-18,
7,,181,2019-07-18,
8,,190,2019-07-18,
9,,141,2019-07-18,
10,,203,2019-07-18,
11,,189,2019-07-18,
12,,103,2019-07-18,
13,,139,2019-07-18,
14,,171,2019-07-18,
15,,137,2019-07-18,
16,,98,2019-07-18,
17,,39,2019-07-18,
18,,45,2019-07-18,
19,,23,2019-07-18,
20,,11,2019-07-18,
21,,9,2019-07-18,
22,,11,2019-07-18,
23,,25,2019-07-18,
0,,39,2019-07-19,
1,,200,2019-07-19,
2,,218,2019-07-19,
3,,237,2019-07-19,
4,,172,2019-07-19,
5,,169,2019-07-19,
6,,175,2019-07-19,
7,,181,2019-07-19,
8,,190,2019-07-19,
9,,141,2019-07-19,
10,,203,2019-07-19,
11,,189,2019-07-19,
12,,103,2019-07-19,
13,,139,2019-07-19,
14,,171,2019-07-19,
15,,137,2019-07-19,
16,,98,2019-07-19,
17,,39,2019-07-19,
18,,45,2019-07-19,
19,,23,2019-07-19,
20,,11,2019-07-19,
21,,9,2019-07-19,
22,,11,2019-07-19,
23,,25,2019-07-19,
0,,40,2019-07-20,
1,,200,2019-07-20,
2,,218,2019-07-20,
3,,237,2019-07-20,
4,,172,2019-07-20,
5,,169,2019-07-20,
6,,175,2019-07-20,
7,,181,2019-07-20,
8,,190,2019-07-20,
9,,141,2019-07-20,
10,,203,2019-07-20,
11,,189,2019-07-20,
12,,103,2019-07-20,
13,,139,2019-07-20,
14,,171,2019-07-20,
15,,137,2019-07-20,
16,,98,2019-07-20,
17,,39,2019-07-20,
18,,45,2019-07-20,
19,,23,2019-07-20,
20,,11,2019-07-20,
21,,9,2019-07-20,
22,,11,2019-07-20,
23,,25,2019-07-20,
0,,40,2019-07-21,
1,,201,2019-07-21,
2,,218,2019-07-21,
3,,237,2019-07-21,
4,,172,2019-07-21,
5,,169,2019-07-21,
6,,175,2019-07-21,
7,,181,2019-07-21,
8,,190,2019-07-21,
9,,141,2019-07-21,
10,,203,2019-07-21,
11,,189,2019-07-21,
12,,103,2019-07-21,
13,,139,2019-07-21,
14,,171,2019-07-21,
15,,137,2019-07-21,
16,,98,2019-07-21,
17,,39,2019-07-21,
18,,45,2019-07-21,
19,,23,2019-07-21,
20,,11,2019-07-21,
21,,9,2019-07-21,
22,,11,2019-07-21,
23,,25,2019-07-21,
0,,40,2019-07-22,
1,,201,2019-07-22,
2,,218,2019-07-22,
3,,237,2019-07-22,
4,,172,2019-07-22,
5,,169,2019-07-22,
6,,175,2019-07-22,
7,,181,2019-07-22,
8,,190,2019-07-22,
9,,141,2019-07-22,
10,,203,2019-07-22,
11,,189,2019-07-22,
12,,103,2019-07-22,
13,,139,2019-07-22,
14,,171,2019-07-22,
15,,137,2019-07-22,
16,,98,2019-07-22,
17,,39,2019-07-22,
18,,45,2019-07-22,
19,,23,2019-07-22,
20,,11,2019-07-22,
21,,9,2019-07-22,
22,,11,2019-07-22,
23,,25,2019-07-22,
0,,40,2019-07-23,
1,,202,2019-07-23,
2,,218,2019-07-23,
3,,237,2019-07-23,
4,,172,2019-07-23,
5,,169,2019-07-23,
6,,175,2019-07-23,
7,,181,2019-07-23,
8,,190,2019-07-23,
9,,141,2019-07-23,
10,,203,2019-07-23,
11,,191,2019-07-23,
12,,103,2019-07-23,
13,,139,2019-07-23,
14,,171,2019-07-23,
15,,137,2019-07-23,
16,,98,2019-07-23,
17,,39,2019-07-23,
18,,45,2019-07-23,
19,,23,2019-07-23,
20,,11,2019-07-23,
21,,9,2019-07-23,
22,,11,2019-07-23,
23,,25,2019-07-23,
0,,40,2019-07-24,
1,,202,2019-07-24,
2,,218,2019-07-24,
3,,237,2019-07-24,
4,,174,2019-07-24,
5,,169,2019-07-24,
6,,175,2019-07-24,
7,,181,2019-07-24,
8,,190,2019-07-24,
9,,141,2019-07-24,
10,,203,2019-07-24,
11,,191,2019-07-24,
12,,103,2019-07-24,
13,,139,2019-07-24,
14,,171,2019-07-24,
15,,137,2019-07-24,
16,,98,2019-07-24,
17,,39,2019-07-24,
18,,45,2019-07-24,
19,,23,2019-07-24,
20,,11,2019-07-24,
21,,9,2019-07-24,
22,,11,2019-07-24,
23,,25,2019-07-24,
0,,40,2019-07-25,
1,,202,2019-07-25,
2,,218,2019-07-25,
3,,238,2019-07-25,
4,,174,2019-07-25,
5,,169,2019-07-25,
6,,175,2019-07-25,
7,,181,2019-07-25,
8,,191,2019-07-25,
9,,141,2019-07-25,
10,,203,2019-07-25,
11,,191,2019-07-25,
12,,103,2019-07-25,
13,,139,2019-07-25,
14,,171,2019-07-25,
15,,137,2019-07-25,
16,,98,2019-07-25,
17,,39,2019-07-25,
18,,45,2019-07-25,
19,,23,2019-07-25,
20,,11,2019-07-25,
21,,9,2019-07-25,
22,,11,2019-07-25,
23,,25,2019-07-25,
0,,40,2019-07-26,
1,,202,2019-07-26,
2,,218,2019-07-26,
3,,238,2019-07-26,
4,,174,2019-07-26,
5,,169,2019-07-26,
6,,175,2019-07-26,
7,,182,2019-07-26,
8,,191,2019-07-26,
9,,141,2019-07-26,
10,,203,2019-07-26,
11,,191,2019-07-26,
12,,103,2019-07-26,
13,,139,2019-07-26,
14,,171,2019-07-26,
15,,137,2019-07-26,
16,,98,2019-07-26,
17,,39,2019-07-26,
18,,45,2019-07-26,
19,,23,2019-07-26,
20,,11,2019-07-26,
21,,9,2019-07-26,
22,,11,2019-07-26,
23,,25,2019-07-26,
0,,40,2019-07-27,
1,,202,2019-07-27,
2,,218,2019-07-27,
3,,238,2019-07-27,
4,,174,2019-07-27,
5,,169,2019-07-27,
6,,175,2019-07-27,
7,,182,2019-07-27,
8,,191,2019-07-27,
9,,141,2019-07-27,
10,,203,2019-07-27,
11,,191,2019-07-27,
12,,103,2019-07-27,
13,,139,2019-07-27,
14,,171,2019-07-27,
15,,137,2019-07-27,
16,,98,2019-07-27,
17,,39,2019-07-27,
18,,45,2019-07-27,
19,,23,2019-07-27,
20,,11,2019-07-27,
21,,9,2019-07-27,
22,,11,2019-07-27,
23,,25,2019-07-27,
0,,40,2019-07-28,
1,,202,2019-07-28,
2,,218,2019-07-28,
3,,238,2019-07-28,
4,,174,2019-07-28,
5,,169,2019-07-28,
6,,175,2019-07-28,
7,,182,2019-07-28,
8,,191,2019-07-28,
9,,141,2019-07-28,
10,,203,2019-07-28,
11,,191,2019-07-28,
12,,103,2019-07-28,
13,,139,2019-07-28,
14,,171,2019-07-28,
15,,137,2019-07-28,
16,,98,2019-07-28,
17,,39,2019-07-28,
18,,45,2019-07-28,
19,,23,2019-07-28,
20,,11,2019-07-28,
21,,9,2019-07-28,
22,,11,2019-07-28,
23,,25,2019-07-28,
0,,40,2019-07-29,
1,,202,2019-07-29,
2,,218,2019-07-29,
3,,238,2019-07-29,
4,,174,2019-07-29,
5,,169,2019-07-29,
6,,175,2019-07-29,
7,,182,2019-07-29,
8,,191,2019-07-29,
9,,141,2019-07-29,
10,,203,2019-07-29,
11,,191,2019-07-29,
12,,103,2019-07-29,
13,,139,2019-07-29,
14,,171,2019-07-29,
15,,137,2019-07-29,
16,,98,2019-07-29,
17,,39,2019-07-29,
18,,45,2019-07-29,
19,,23,2019-07-29,
20,,11,2019-07-29,
21,,9,2019-07-29,
22,,11,2019-07-29,
23,,25,2019-07-29,
0,,40,2019-07-30,
1,,202,2019-07-30,
2,,218,2019-07-30,
3,,238,2019-07-30,
4,,174,2019-07-30,
5,,169,2019-07-30,
6,,175,2019-07-30,
7,,182,2019-07-30,
8,,191,2019-07-30,
9,,141,2019-07-30,
10,,203,2019-07-30,
11,,191,2019-07-30,
12,,103,2019-07-30,
13,,139,2019-07-30,
14,,171,2019-07-30,
15,,137,2019-07-30,
16,,98,2019-07-30,
17,,39,2019-07-30,
18,,45,2019-07-30,
19,,23,2019-07-30,
20,,11,2019-07-30,
21,,9,2019-07-30,
22,,11,2019-07-30,
23,,25,2019-07-30,
0,,40,2019-07-31,
1,,202,2019-07-31,
2,,218,2019-07-31,
3,,263,2019-07-31,
4,,174,2019-07-31,
5,,169,2019-07-31,
6,,175,2019-07-31,
7,,182,2019-07-31,
8,,191,2019-07-31,
9,,141,2019-07-31,
10,,203,2019-07-31,
11,,191,2019-07-31,
12,,103,2019-07-31,
13,,139,2019-07-31,
14,,171,2019-07-31,
15,,137,2019-07-31,
16,,98,2019-07-31,
17,,39,2019-07-31,
18,,45,2019-07-31,
19,,23,2019-07-31,
20,,11,2019-07-31,
21,,9,2019-07-31,
22,,11,2019-07-31,
23,,25,2019-07-31,
0,,40,2019-08-01,
1,,202,2019-08-01,
2,,218,2019-08-01,
3,,263,2019-08-01,
4,,174,2019-08-01,
5,,169,2019-08-01,
6,,175,2019-08-01,
7,,182,2019-08-01,
8,,191,2019-08-01,
9,,142,2019-08-01,
10,,203,2019-08-01,
11,,191,2019-08-01,
12,,103,2019-08-01,
13,,139,2019-08-01,
14,,171,2019-08-01,
15,,137,2019-08-01,
16,,98,2019-08-01,
17,,39,2019-08-01,
18,,45,2019-08-01,
19,,23,2019-08-01,
20,,11,2019-08-01,
21,,9,2019-08-01,
22,,11,2019-08-01,
23,,25,2019-08-01,
0,,40,2019-08-02,
1,,202,2019-08-02,
2,,218,2019-08-02,
3,,263,2019-08-02,
4,,174,2019-08-02,
5,,169,2019-08-02,
6,,175,2019-08-02,
7,,182,2019-08-02,
8,,191,2019-08-02,
9,,142,2019-08-02,
10,,203,2019-08-02,
11,,191,2019-08-02,
12,,103,2019-08-02,
13,,139,2019-08-02,
14,,171,2019-08-02,
15,,137,2019-08-02,
16,,98,2019-08-02,
17,,39,2019-08-02,
18,,45,2019-08-02,
19,,23,2019-08-02,
20,,11,2019-08-02,
21,,9,2019-08-02,
22,,11,2019-08-02,
23,,25,2019-08-02,
0,,40,2019-08-03,
1,,202,2019-08-03,
2,,218,2019-08-03,
3,,263,2019-08-03,
4,,174,2019-08-03,
5,,169,2019-08-03,
6,,175,2019-08-03,
7,,182,2019-08-03,
8,,193,2019-08-03,
9,,142,2019-08-03,
10,,203,2019-08-03,
11,,191,2019-08-03,
12,,103,2019-08-03,
13,,139,2019-08-03,
14,,171,2019-08-03,
15,,137,2019-08-03,
16,,98,2019-08-03,
17,,39,2019-08-03,
18,,45,2019-08-03,
19,,23,2019-08-03,
20,,11,2019-08-03,
21,,9,2019-08-03,
22,,11,2019-08-03,
23,,25,2019-08-03,
0,,40,2019-08-04,
1,,202,2019-08-04,
2,,218,2019-08-04,
3,,263,2019-08-04,
4,,174,2019-08-04,
5,,169,2019-08-04,
6,,175,2019-08-04,
7,,182,2019-08-04,
8,,193,2019-08-04,
9,,142,2019-08-04,
10,,203,2019-08-04,
11,,191,2019-08-04,
12,,103,2019-08-04,
13,,139,2019-08-04,
14,,171,2019-08-04,
15,,137,2019-08-04,
16,,98,2019-08-04,
17,,39,2019-08-04,
18,,45,2019-08-04,
19,,23,2019-08-04,
20,,11,2019-08-04,
21,,9,2019-08-04,
22,,11,2019-08-04,
23,,25,2019-08-04,
0,,40,2019-08-05,
1,,202,2019-08-05,
2,,218,2019-08-05,
3,,263,2019-08-05,
4,,174,2019-08-05,
5,,169,2019-08-05,
6,,175,2019-08-05,
7,,183,2019-08-05,
8,,193,2019-08-05,
9,,142,2019-08-05,
10,,203,2019-08-05,
11,,191,2019-08-05,
12,,103,2019-08-05,
13,,139,2019-08-05,
14,,171,2019-08-05,
15,,137,2019-08-05,
16,,98,2019-08-05,
17,,39,2019-08-05,
18,,45,2019-08-05,
19,,23,2019-08-05,
20,,11,2019-08-05,
21,,9,2019-08-05,
22,,11,2019-08-05,
23,,25,2019-08-05,
0,,40,2019-08-06,
1,,202,2019-08-06,
2,,218,2019-08-06,
3,,263,2019-08-06,
4,,174,2019-08-06,
5,,169,2019-08-06,
6,,175,2019-08-06,
7,,183,2019-08-06,
8,,193,2019-08-06,
9,,142,2019-08-06,
10,,203,2019-08-06,
11,,191,2019-08-06,
12,,103,2019-08-06,
13,,139,2019-08-06,
14,,171,2019-08-06,
15,,137,2019-08-06,
16,,98,2019-08-06,
17,,39,2019-08-06,
18,,45,2019-08-06,
19,,23,2019-08-06,
20,,11,2019-08-06,
21,,9,2019-08-06,
22,,11,2019-08-06,
23,,25,2019-08-06,
0,,40,2019-08-07,
1,,203,2019-08-07,
2,,222,2019-08-07,
3,,263,2019-08-07,
4,,174,2019-08-07,
5,,169,2019-08-07,
6,,175,2019-08-07,
7,,183,2019-08-07,
8,,193,2019-08-07,
9,,142,2019-08-07,
10,,203,2019-08-07,
11,,191,2019-08-07,
12,,103,2019-08-07,
13,,139,2019-08-07,
14,,171,2019-08-07,
15,,137,2019-08-07,
16,,98,2019-08-07,
17,,39,2019-08-07,
18,,45,2019-08-07,
19,,23,2019-08-07,
20,,11,2019-08-07,
21,,9,2019-08-07,
22,,11,2019-08-07,
23,,25,2019-08-07,
0,,40,2019-08-08,
1,,203,2019-08-08,
2,,222,2019-08-08,
3,,263,2019-08-08,
4,,179,2019-08-08,
5,,169,2019-08-08,
6,,175,2019-08-08,
7,,183,2019-08-08,
8,,193,2019-08-08,
9,,142,2019-08-08,
10,,203,2019-08-08,
11,,191,2019-08-08,
12,,103,2019-08-08,
13,,139,2019-08-08,
14,,171,2019-08-08,
15,,137,2019-08-08,
16,,98,2019-08-08,
17,,39,2019-08-08,
18,,45,2019-08-08,
19,,23,2019-08-08,
20,,11,2019-08-08,
21,,9,2019-08-08,
22,,11,2019-08-08,
23,,25,2019-08-08,
0,,40,2019-08-09,
1,,203,2019-08-09,
2,,222,2019-08-09,
3,,263,2019-08-09,
4,,179,2019-08-09,
5,,169,2019-08-09,
6,,175,2019-08-09,
7,,183,2019-08-09,
8,,193,2019-08-09,
9,,142,2019-08-09,
10,,203,2019-08-09,
11,,191,2019-08-09,
12,,103,2019-08-09,
13,,139,2019-08-09,
14,,171,2019-08-09,
15,,137,2019-08-09,
16,,98,2019-08-09,
17,,40,2019-08-09,
18,,45,2019-08-09,
19,,23,2019-08-09,
20,,11,2019-08-09,
21,,9,2019-08-09,
22,,11,2019-08-09,
23,,25,2019-08-09,
0,,40,2019-08-10,
1,,203,2019-08-10,
2,,222,2019-08-10,
3,,263,2019-08-10,
4,,179,2019-08-10,
5,,169,2019-08-10,
6,,175,2019-08-10,
7,,183,2019-08-10,
8,,193,2019-08-10,
9,,142,2019-08-10,
10,,203,2019-08-10,
11,,191,2019-08-10,
12,,103,2019-08-10,
13,,139,2019-08-10,
14,,171,2019-08-10,
15,,137,2019-08-10,
16,,98,2019-08-10,
17,,40,2019-08-10,
18,,45,2019-08-10,
19,,23,2019-08-10,
20,,11,2019-08-10,
21,,9,2019-08-10,
22,,11,2019-08-10,
23,,25,2019-08-10,
0,,40,2019-08-11,
1,,203,2019-08-11,
2,,222,2019-08-11,
3,,263,2019-08-11,
4,,179,2019-08-11,
5,,169,2019-08-11,
6,,175,2019-08-11,
7,,183,2019-08-11,
8,,194,2019-08-11,
9,,142,2019-08-11,
10,,203,2019-08-11,
11,,191,2019-08-11,
12,,103,2019-08-11,
13,,139,2019-08-11,
14,,171,2019-08-11,
15,,137,2019-08-11,
16,,98,2019-08-11,
17,,40,2019-08-11,
18,,45,2019-08-11,
19,,23,2019-08-11,
20,,11,2019-08-11,
21,,9,2019-08-11,
22,,11,2019-08-11,
23,,25,2019-08-11,
0,,40,2019-08-12,
1,,203,2019-08-12,
2,,222,2019-08-12,
3,,263,2019-08-12,
4,,179,2019-08-12,
5,,169,2019-08-12,
6,,175,2019-08-12,
7,,183,2019-08-12,
8,,194,2019-08-12,
9,,142,2019-08-12,
10,,203,2019-08-12,
11,,191,2019-08-12,
12,,103,2019-08-12,
13,,139,2019-08-12,
14,,171,2019-08-12,
15,,138,2019-08-12,
16,,98,2019-08-12,
17,,40,2019-08-12,
18,,45,2019-08-12,
19,,23,2019-08-12,
20,,11,2019-08-12,
21,,9,2019-08-12,
22,,11,2019-08-12,
23,,25,2019-08-12,
0,,40,2019-08-13,
1,,203,2019-08-13,
2,,222,2019-08-13,
3,,263,2019-08-13,
4,,179,2019-08-13,
5,,169,2019-08-13,
6,,175,2019-08-13,
7,,183,2019-08-13,
8,,194,2019-08-13,
9,,142,2019-08-13,
10,,203,2019-08-13,
11,,191,2019-08-13,
12,,103,2019-08-13,
13,,139,2019-08-13,
14,,171,2019-08-13,
15,,138,2019-08-13,
16,,98,2019-08-13,
17,,40,2019-08-13,
18,,45,2019-08-13,
19,,23,2019-08-13,
20,,11,2019-08-13,
21,,9,2019-08-13,
22,,11,2019-08-13,
23,,25,2019-08-13,
0,,40,2019-08-14,
1,,203,2019-08-14,
2,,222,2019-08-14,
3,,263,2019-08-14,
4,,179,2019-08-14,
5,,169,2019-08-14,
6,,175,2019-08-14,
7,,183,2019-08-14,
8,,194,2019-08-14,
9,,142,2019-08-14,
10,,203,2019-08-14,
11,,191,2019-08-14,
12,,103,2019-08-14,
13,,139,2019-08-14,
14,,171,2019-08-14,
15,,138,2019-08-14,
16,,98,2019-08-14,
17,,40,2019-08-14,
18,,45,2019-08-14,
19,,23,2019-08-14,
20,,11,2019-08-14,
21,,9,2019-08-14,
22,,11,2019-08-14,
23,,25,2019-08-14,
0,,41,2019-08-15,
1,,203,2019-08-15,
2,,222,2019-08-15,
3,,263,2019-08-15,
4,,179,2019-08-15,
5,,169,2019-08-15,
6,,175,2019-08-15,
7,,183,2019-08-15,
8,,194,2019-08-15,
9,,142,2019-08-15,
10,,203,2019-08-15,
11,,191,2019-08-15,
12,,103,2019-08-15,
13,,139,2019-08-15,
14,,171,2019-08-15,
15,,138,2019-08-15,
16,,98,2019-08-15,
17,,40,2019-08-15,
18,,45,2019-08-15,
19,,23,2019-08-15,
20,,11,2019-08-15,
21,,9,2019-08-15,
22,,11,2019-08-15,
23,,25,2019-08-15,
0,,41,2019-08-16,
1,,203,2019-08-16,
2,,222,2019-08-16,
3,,263,2019-08-16,
4,,179,2019-08-16,
5,,169,2019-08-16,
6,,175,2019-08-16,
7,,183,2019-08-16,
8,,194,2019-08-16,
9,,142,2019-08-16,
10,,203,2019-08-16,
11,,191,2019-08-16,
12,,103,2019-08-16,
13,,139,2019-08-16,
14,,171,2019-08-16,
15,,138,2019-08-16,
16,,98,2019-08-16,
17,,40,2019-08-16,
18,,45,2019-08-16,
19,,23,2019-08-16,
20,,11,2019-08-16,
21,,9,2019-08-16,
22,,11,2019-08-16,
23,,25,2019-08-16,
0,,41,2019-08-17,
1,,203,2019-08-17,
2,,222,2019-08-17,
3,,263,2019-08-17,
4,,179,2019-08-17,
5,,169,2019-08-17,
6,,175,2019-08-17,
7,,183,2019-08-17,
8,,194,2019-08-17,
9,,142,2019-08-17,
10,,203,2019-08-17,
11,,191,2019-08-17,
12,,103,2019-08-17,
13,,139,2019-08-17,
14,,171,2019-08-17,
15,,138,2019-08-17,
16,,98,2019-08-17,
17,,40,2019-08-17,
18,,45,2019-08-17,
19,,23,2019-08-17,
20,,11,2019-08-17,
21,,9,2019-08-17,
22,,11,2019-08-17,
23,,25,2019-08-17,
0,,41,2019-08-18,
1,,203,2019-08-18,
2,,222,2019-08-18,
3,,263,2019-08-18,
4,,179,2019-08-18,
5,,169,2019-08-18,
6,,175,2019-08-18,
7,,183,2019-08-18,
8,,194,2019-08-18,
9,,142,2019-08-18,
10,,203,2019-08-18,
11,,191,2019-08-18,
12,,103,2019-08-18,
13,,139,2019-08-18,
14,,171,2019-08-18,
15,,138,2019-08-18,
16,,98,2019-08-18,
17,,40,2019-08-18,
18,,45,2019-08-18,
19,,23,2019-08-18,
20,,11,2019-08-18,
21,,9,2019-08-18,
22,,11,2019-08-18,
23,,25,2019-08-18,
0,,41,2019-08-19,
1,,203,2019-08-19,
2,,222,2019-08-19,
3,,263,2019-08-19,
4,,179,2019-08-19,
5,,169,2019-08-19,
6,,175,2019-08-19,
7,,183,2019-08-19,
8,,195,2019-08-19,
9,,142,2019-08-19,
10,,203,2019-08-19,
11,,191,2019-08-19,
12,,103,2019-08-19,
13,,139,2019-08-19,
14,,171,2019-08-19,
15,,138,2019-08-19,
16,,98,2019-08-19,
17,,40,2019-08-19,
18,,45,2019-08-19,
19,,23,2019-08-19,
20,,11,2019-08-19,
21,,9,2019-08-19,
22,,11,2019-08-19,
23,,25,2019-08-19,
0,,41,2019-08-20,
1,,203,2019-08-20,
2,,222,2019-08-20,
3,,263,2019-08-20,
4,,179,2019-08-20,
5,,169,2019-08-20,
6,,175,2019-08-20,
7,,183,2019-08-20,
8,,195,2019-08-20,
9,,142,2019-08-20,
10,,203,2019-08-20,
11,,191,2019-08-20,
12,,103,2019-08-20,
13,,139,2019-08-20,
14,,171,2019-08-20,
15,,138,2019-08-20,
16,,98,2019-08-20,
17,,40,2019-08-20,
18,,45,2019-08-20,
19,,23,2019-08-20,
20,,11,2019-08-20,
21,,9,2019-08-20,
22,,11,2019-08-20,
23,,25,2019-08-20,
0,,41,2019-08-21,
1,,203,2019-08-21,
2,,222,2019-08-21,
3,,263,2019-08-21,
4,,179,2019-08-21,
5,,169,2019-08-21,
6,,175,2019-08-21,
7,,183,2019-08-21,
8,,195,2019-08-21,
9,,142,2019-08-21,
10,,203,2019-08-21,
11,,191,2019-08-21,
12,,103,2019-08-21,
13,,139,2019-08-21,
14,,171,2019-08-21,
15,,138,2019-08-21,
16,,98,2019-08-21,
17,,40,2019-08-21,
18,,45,2019-08-21,
19,,23,2019-08-21,
20,,11,2019-08-21,
21,,9,2019-08-21,
22,,11,2019-08-21,
23,,25,2019-08-21,
0,,41,2019-08-22,
1,,203,2019-08-22,
2,,222,2019-08-22,
3,,263,2019-08-22,
4,,179,2019-08-22,
5,,169,2019-08-22,
6,,175,2019-08-22,
7,,183,2019-08-22,
8,,195,2019-08-22,
9,,142,2019-08-22,
10,,203,2019-08-22,
11,,191,2019-08-22,
12,,103,2019-08-22,
13,,139,2019-08-22,
14,,171,2019-08-22,
15,,138,2019-08-22,
16,,98,2019-08-22,
17,,40,2019-08-22,
18,,45,2019-08-22,
19,,23,2019-08-22,
20,,11,2019-08-22,
21,,9,2019-08-22,
22,,11,2019-08-22,
23,,25,2019-08-22,
0,,41,2019-08-23,
1,,203,2019-08-23,
2,,222,2019-08-23,
3,,263,2019-08-23,
4,,180,2019-08-23,
5,,169,2019-08-23,
6,,175,2019-08-23,
7,,183,2019-08-23,
8,,195,2019-08-23,
9,,142,2019-08-23,
10,,203,2019-08-23,
11,,191,2019-08-23,
12,,103,2019-08-23,
13,,139,2019-08-23,
14,,171,2019-08-23,
15,,138,2019-08-23,
16,,98,2019-08-23,
17,,40,2019-08-23,
18,,45,2019-08-23,
19,,23,2019-08-23,
20,,11,2019-08-23,
21,,9,2019-08-23,
22,,11,2019-08-23,
23,,25,2019-08-23,
0,,41,2019-08-24,
1,,203,2019-08-24,
2,,222,2019-08-24,
3,,263,2019-08-24,
4,,180,2019-08-24,
5,,169,2019-08-24,
6,,175,2019-08-24,
7,,183,2019-08-24,
8,,195,2019-08-24,
9,,142,2019-08-24,
10,,203,2019-08-24,
11,,191,2019-08-24,
12,,103,2019-08-24,
13,,139,2019-08-24,
14,,171,2019-08-24,
15,,138,2019-08-24,
16,,98,2019-08-24,
17,,40,2019-08-24,
18,,45,2019-08-24,
19,,23,2019-08-24,
20,,11,2019-08-24,
21,,9,2019-08-24,
22,,11,2019-08-24,
23,,25,2019-08-24,
0,,41,2019-08-25,
1,,203,2019-08-25,
2,,222,2019-08-25,
3,,263,2019-08-25,
4,,180,2019-08-25,
5,,169,2019-08-25,
6,,175,2019-08-25,
7,,183,2019-08-25,
8,,195,2019-08-25,
9,,142,2019-08-25,
10,,203,2019-08-25,
11,,191,2019-08-25,
12,,103,2019-08-25,
13,,139,2019-08-25,
14,,171,2019-08-25,
15,,138,2019-08-25,
16,,98,2019-08-25,
17,,40,2019-08-25,
18,,45,2019-08-25,
19,,23,2019-08-25,
20,,11,2019-08-25,
21,,9,2019-08-25,
22,,11,2019-08-25,
23,,25,2019-08-25,
0,,41,2019-08-26,
1,,203,2019-08-26,
2,,222,2019-08-26,
3,,263,2019-08-26,
4,,180,2019-08-26,
5,,169,2019-08-26,
6,,175,2019-08-26,
7,,183,2019-08-26,
8,,195,2019-08-26,
9,,142,2019-08-26,
10,,203,2019-08-26,
11,,191,2019-08-26,
12,,103,2019-08-26,
13,,139,2019-08-26,
14,,171,2019-08-26,
15,,138,2019-08-26,
16,,98,2019-08-26,
17,,40,2019-08-26,
18,,45,2019-08-26,
19,,23,2019-08-26,
20,,11,2019-08-26,
21,,9,2019-08-26,
22,,11,2019-08-26,
23,,25,2019-08-26,
0,,41,2019-08-27,
1,,203,2019-08-27,
2,,222,2019-08-27,
3,,263,2019-08-27,
4,,181,2019-08-27,
5,,169,2019-08-27,
6,,175,2019-08-27,
7,,183,2019-08-27,
8,,195,2019-08-27,
9,,142,2019-08-27,
10,,203,2019-08-27,
11,,191,2019-08-27,
12,,103,2019-08-27,
13,,139,2019-08-27,
14,,171,2019-08-27,
15,,138,2019-08-27,
16,,98,2019-08-27,
17,,40,2019-08-27,
18,,45,2019-08-27,
19,,23,2019-08-27,
20,,11,2019-08-27,
21,,9,2019-08-27,
22,,11,2019-08-27,
23,,25,2019-08-27,
0,,41,2019-08-28,
1,,203,2019-08-28,
2,,222,2019-08-28,
3,,263,2019-08-28,
4,,181,2019-08-28,
5,,169,2019-08-28,
6,,175,2019-08-28,
7,,183,2019-08-28,
8,,196,2019-08-28,
9,,142,2019-08-28,
10,,205,2019-08-28,
11,,192,2019-08-28,
12,,104,2019-08-28,
13,,139,2019-08-28,
14,,171,2019-08-28,
15,,138,2019-08-28,
16,,98,2019-08-28,
17,,40,2019-08-28,
18,,45,2019-08-28,
19,,23,2019-08-28,
20,,11,2019-08-28,
21,,9,2019-08-28,
22,,11,2019-08-28,
23,,25,2019-08-28,
0,,41,2019-08-29,
1,,203,2019-08-29,
2,,222,2019-08-29,
3,,263,2019-08-29,
4,,181,2019-08-29,
5,,169,2019-08-29,
6,,175,2019-08-29,
7,,183,2019-08-29,
8,,196,2019-08-29,
9,,142,2019-08-29,
10,,205,2019-08-29,
11,,192,2019-08-29,
12,,104,2019-08-29,
13,,139,2019-08-29,
14,,171,2019-08-29,
15,,138,2019-08-29,
16,,98,2019-08-29,
17,,40,2019-08-29,
18,,45,2019-08-29,
19,,23,2019-08-29,
20,,11,2019-08-29,
21,,9,2019-08-29,
22,,11,2019-08-29,
23,,25,2019-08-29,
0,,41,2019-08-30,
1,,203,2019-08-30,
2,,222,2019-08-30,
3,,263,2019-08-30,
4,,181,2019-08-30,
5,,169,2019-08-30,
6,,175,2019-08-30,
7,,183,2019-08-30,
8,,196,2019-08-30,
9,,142,2019-08-30,
10,,205,2019-08-30,
11,,192,2019-08-30,
12,,104,2019-08-30,
13,,139,2019-08-30,
14,,171,2019-08-30,
15,,138,2019-08-30,
16,,98,2019-08-30,
17,,40,2019-08-30,
18,,45,2019-08-30,
19,,23,2019-08-30,
20,,11,2019-08-30,
21,,9,2019-08-30,
22,,11,2019-08-30,
23,,25,2019-08-30,
0,,41,2019-08-31,
1,,203,2019-08-31,
2,,222,2019-08-31,
3,,263,2019-08-31,
4,,181,2019-08-31,
5,,169,2019-08-31,
6,,175,2019-08-31,
7,,183,2019-08-31,
8,,196,2019-08-31,
9,,142,2019-08-31,
10,,205,2019-08-31,
11,,192,2019-08-31,
12,,104,2019-08-31,
13,,139,2019-08-31,
14,,171,2019-08-31,
15,,138,2019-08-31,
16,,98,2019-08-31,
17,,40,2019-08-31,
18,,45,2019-08-31,
19,,23,2019-08-31,
20,,11,2019-08-31,
21,,9,2019-08-31,
22,,11,2019-08-31,
23,,25,2019-08-31,
0,,41,2019-09-01,
1,,203,2019-09-01,
2,,222,2019-09-01,
3,,263,2019-09-01,
4,,181,2019-09-01,
5,,169,2019-09-01,
6,,175,2019-09-01,
7,,183,2019-09-01,
8,,196,2019-09-01,
9,,142,2019-09-01,
10,,205,2019-09-01,
11,,192,2019-09-01,
12,,104,2019-09-01,
13,,139,2019-09-01,
14,,171,2019-09-01,
15,,138,2019-09-01,
16,,98,2019-09-01,
17,,40,2019-09-01,
18,,45,2019-09-01,
19,,23,2019-09-01,
20,,11,2019-09-01,
21,,9,2019-09-01,
22,,11,2019-09-01,
23,,25,2019-09-01,
0,,41,2019-09-02,
1,,203,2019-09-02,
2,,222,2019-09-02,
3,,263,2019-09-02,
4,,181,2019-09-02,
5,,169,2019-09-02,
6,,178,2019-09-02,
7,,183,2019-09-02,
8,,196,2019-09-02,
9,,143,2019-09-02,
10,,205,2019-09-02,
11,,192,2019-09-02,
12,,104,2019-09-02,
13,,139,2019-09-02,
14,,171,2019-09-02,
15,,138,2019-09-02,
16,,98,2019-09-02,
17,,40,2019-09-02,
18,,45,2019-09-02,
19,,23,2019-09-02,
20,,11,2019-09-02,
21,,9,2019-09-02,
22,,11,2019-09-02,
23,,25,2019-09-02,
0,,41,2019-09-03,
1,,203,2019-09-03,
2,,222,2019-09-03,
3,,263,2019-09-03,
4,,181,2019-09-03,
5,,169,2019-09-03,
6,,178,2019-09-03,
7,,183,2019-09-03,
8,,196,2019-09-03,
9,,166,2019-09-03,
10,,205,2019-09-03,
11,,192,2019-09-03,
12,,104,2019-09-03,
13,,139,2019-09-03,
14,,171,2019-09-03,
15,,138,2019-09-03,
16,,98,2019-09-03,
17,,40,2019-09-03,
18,,45,2019-09-03,
19,,23,2019-09-03,
20,,11,2019-09-03,
21,,9,2019-09-03,
22,,11,2019-09-03,
23,,25,2019-09-03,
0,,41,2019-09-04,
1,,203,2019-09-04,
2,,222,2019-09-04,
3,,263,2019-09-04,
4,,181,2019-09-04,
5,,169,2019-09-04,
6,,178,2019-09-04,
7,,183,2019-09-04,
8,,196,2019-09-04,
9,,166,2019-09-04,
10,,205,2019-09-04,
11,,192,2019-09-04,
12,,104,2019-09-04,
13,,139,2019-09-04,
14,,171,2019-09-04,
15,,138,2019-09-04,
16,,98,2019-09-04,
17,,40,2019-09-04,
18,,45,2019-09-04,
19,,23,2019-09-04,
20,,11,2019-09-04,
21,,9,2019-09-04,
22,,11,2019-09-04,
23,,25,2019-09-04,
0,,41,2019-09-05,
1,,203,2019-09-05,
2,,222,2019-09-05,
3,,263,2019-09-05,
4,,181,2019-09-05,
5,,169,2019-09-05,
6,,178,2019-09-05,
7,,183,2019-09-05,
8,,196,2019-09-05,
9,,166,2019-09-05,
10,,205,2019-09-05,
11,,192,2019-09-05,
12,,104,2019-09-05,
13,,139,2019-09-05,
14,,171,2019-09-05,
15,,138,2019-09-05,
16,,98,2019-09-05,
17,,40,2019-09-05,
18,,45,2019-09-05,
19,,23,2019-09-05,
20,,11,2019-09-05,
21,,9,2019-09-05,
22,,11,2019-09-05,
23,,25,2019-09-05,
0,,41,2019-09-06,
1,,203,2019-09-06,
2,,222,2019-09-06,
3,,263,2019-09-06,
4,,181,2019-09-06,
5,,169,2019-09-06,
6,,178,2019-09-06,
7,,183,2019-09-06,
8,,196,2019-09-06,
9,,166,2019-09-06,
10,,205,2019-09-06,
11,,192,2019-09-06,
12,,104,2019-09-06,
13,,139,2019-09-06,
14,,171,2019-09-06,
15,,138,2019-09-06,
16,,98,2019-09-06,
17,,40,2019-09-06,
18,,45,2019-09-06,
19,,23,2019-09-06,
20,,11,2019-09-06,
21,,9,2019-09-06,
22,,11,2019-09-06,
23,,25,2019-09-06,
0,,41,2019-09-07,
1,,203,2019-09-07,
2,,222,2019-09-07,
3,,263,2019-09-07,
4,,181,2019-09-07,
5,,169,2019-09-07,
6,,178,2019-09-07,
7,,183,2019-09-07,
8,,196,2019-09-07,
9,,166,2019-09-07,
10,,205,2019-09-07,
11,,192,2019-09-07,
12,,104,2019-09-07,
13,,139,2019-09-07,
14,,171,2019-09-07,
15,,138,2019-09-07,
16,,98,2019-09-07,
17,,40,2019-09-07,
18,,45,2019-09-07,
19,,23,2019-09-07,
20,,11,2019-09-07,
21,,9,2019-09-07,
22,,11,2019-09-07,
23,,25,2019-09-07,
0,,41,2019-09-08,
1,,203,2019-09-08,
2,,222,2019-09-08,
3,,263,2019-09-08,
4,,181,2019-09-08,
5,,169,2019-09-08,
6,,178,2019-09-08,
7,,183,2019-09-08,
8,,196,2019-09-08,
9,,166,2019-09-08,
10,,205,2019-09-08,
11,,194,2019-09-08,
12,,104,2019-09-08,
13,,139,2019-09-08,
14,,171,2019-09-08,
15,,138,2019-09-08,
16,,98,2019-09-08,
17,,40,2019-09-08,
18,,45,2019-09-08,
19,,23,2019-09-08,
20,,11,2019-09-08,
21,,9,2019-09-08,
22,,11,2019-09-08,
23,,25,2019-09-08,
0,,41,2019-09-09,
1,,203,2019-09-09,
2,,222,2019-09-09,
3,,263,2019-09-09,
4,,181,2019-09-09,
5,,169,2019-09-09,
6,,178,2019-09-09,
7,,183,2019-09-09,
8,,196,2019-09-09,
9,,166,2019-09-09,
10,,205,2019-09-09,
11,,194,2019-09-09,
12,,104,2019-09-09,
13,,139,2019-09-09,
14,,171,2019-09-09,
15,,138,2019-09-09,
16,,98,2019-09-09,
17,,40,2019-09-09,
18,,45,2019-09-09,
19,,23,2019-09-09,
20,,11,2019-09-09,
21,,9,2019-09-09,
22,,11,2019-09-09,
23,,25,2019-09-09,
0,,41,2019-09-10,
1,,203,2019-09-10,
2,,222,2019-09-10,
3,,263,2019-09-10,
4,,181,2019-09-10,
5,,169,2019-09-10,
6,,178,2019-09-10,
7,,183,2019-09-10,
8,,196,2019-09-10,
9,,166,2019-09-10,
10,,205,2019-09-10,
11,,194,2019-09-10,
12,,104,2019-09-10,
13,,139,2019-09-10,
14,,171,2019-09-10,
15,,138,2019-09-10,
16,,98,2019-09-10,
17,,40,2019-09-10,
18,,45,2019-09-10,
19,,23,2019-09-10,
20,,11,2019-09-10,
21,,9,2019-09-10,
22,,11,2019-09-10,
23,,25,2019-09-10,
0,,41,2019-09-11,
1,,203,2019-09-11,
2,,222,2019-09-11,
3,,263,2019-09-11,
4,,181,2019-09-11,
5,,169,2019-09-11,
6,,178,2019-09-11,
7,,183,2019-09-11,
8,,196,2019-09-11,
9,,166,2019-09-11,
10,,205,2019-09-11,
11,,194,2019-09-11,
12,,104,2019-09-11,
13,,139,2019-09-11,
14,,171,2019-09-11,
15,,138,2019-09-11,
16,,98,2019-09-11,
17,,40,2019-09-11,
18,,45,2019-09-11,
19,,23,2019-09-11,
20,,11,2019-09-11,
21,,9,2019-09-11,
22,,11,2019-09-11,
23,,25,2019-09-11,
0,,41,2019-09-12,
1,,203,2019-09-12,
2,,222,2019-09-12,
3,,263,2019-09-12,
4,,181,2019-09-12,
5,,169,2019-09-12,
6,,178,2019-09-12,
7,,183,2019-09-12,
8,,196,2019-09-12,
9,,166,2019-09-12,
10,,205,2019-09-12,
11,,194,2019-09-12,
12,,104,2019-09-12,
13,,139,2019-09-12,
14,,171,2019-09-12,
15,,138,2019-09-12,
16,,98,2019-09-12,
17,,40,2019-09-12,
18,,45,2019-09-12,
19,,23,2019-09-12,
20,,11,2019-09-12,
21,,9,2019-09-12,
22,,11,2019-09-12,
23,,25,2019-09-12,
0,,41,2019-09-13,
1,,203,2019-09-13,
2,,222,2019-09-13,
3,,263,2019-09-13,
4,,181,2019-09-13,
5,,169,2019-09-13,
6,,178,2019-09-13,
7,,183,2019-09-13,
8,,196,2019-09-13,
9,,166,2019-09-13,
10,,205,2019-09-13,
11,,194,2019-09-13,
12,,104,2019-09-13,
13,,139,2019-09-13,
14,,171,2019-09-13,
15,,138,2019-09-13,
16,,98,2019-09-13,
17,,40,2019-09-13,
18,,45,2019-09-13,
19,,23,2019-09-13,
20,,11,2019-09-13,
21,,9,2019-09-13,
22,,11,2019-09-13,
23,,25,2019-09-13,
0,,41,2019-09-14,
1,,203,2019-09-14,
2,,222,2019-09-14,
3,,263,2019-09-14,
4,,181,2019-09-14,
5,,169,2019-09-14,
6,,178,2019-09-14,
7,,183,2019-09-14,
8,,196,2019-09-14,
9,,166,2019-09-14,
10,,205,2019-09-14,
11,,194,2019-09-14,
12,,104,2019-09-14,
13,,139,2019-09-14,
14,,171,2019-09-14,
15,,138,2019-09-14,
16,,98,2019-09-14,
17,,40,2019-09-14,
18,,45,2019-09-14,
19,,23,2019-09-14,
20,,11,2019-09-14,
21,,9,2019-09-14,
22,,11,2019-09-14,
23,,25,2019-09-14,
0,,41,2019-09-15,
1,,203,2019-09-15,
2,,222,2019-09-15,
3,,263,2019-09-15,
4,,181,2019-09-15,
5,,169,2019-09-15,
6,,178,2019-09-15,
7,,183,2019-09-15,
8,,196,2019-09-15,
9,,166,2019-09-15,
10,,205,2019-09-15,
11,,194,2019-09-15,
12,,104,2019-09-15,
13,,139,2019-09-15,
14,,171,2019-09-15,
15,,138,2019-09-15,
16,,98,2019-09-15,
17,,40,2019-09-15,
18,,45,2019-09-15,
19,,23,2019-09-15,
20,,11,2019-09-15,
21,,9,2019-09-15,
22,,11,2019-09-15,
23,,25,2019-09-15,
0,,41,2019-09-16,
1,,203,2019-09-16,
2,,222,2019-09-16,
3,,263,2019-09-16,
4,,181,2019-09-16,
5,,169,2019-09-16,
6,,178,2019-09-16,
7,,183,2019-09-16,
8,,196,2019-09-16,
9,,166,2019-09-16,
10,,205,2019-09-16,
11,,194,2019-09-16,
12,,104,2019-09-16,
13,,139,2019-09-16,
14,,171,2019-09-16,
15,,138,2019-09-16,
16,,98,2019-09-16,
17,,40,2019-09-16,
18,,45,2019-09-16,
19,,23,2019-09-16,
20,,11,2019-09-16,
21,,9,2019-09-16,
22,,11,2019-09-16,
23,,25,2019-09-16,
0,,41,2019-09-17,
1,,203,2019-09-17,
2,,222,2019-09-17,
3,,263,2019-09-17,
4,,181,2019-09-17,
5,,169,2019-09-17,
6,,178,2019-09-17,
7,,183,2019-09-17,
8,,196,2019-09-17,
9,,166,2019-09-17,
10,,205,2019-09-17,
11,,194,2019-09-17,
12,,104,2019-09-17,
13,,139,2019-09-17,
14,,171,2019-09-17,
15,,138,2019-09-17,
16,,98,2019-09-17,
17,,40,2019-09-17,
18,,45,2019-09-17,
19,,23,2019-09-17,
20,,11,2019-09-17,
21,,9,2019-09-17,
22,,11,2019-09-17,
23,,25,2019-09-17,
0,,41,2019-09-18,
1,,203,2019-09-18,
2,,222,2019-09-18,
3,,263,2019-09-18,
4,,181,2019-09-18,
5,,169,2019-09-18,
6,,178,2019-09-18,
7,,183,2019-09-18,
8,,196,2019-09-18,
9,,166,2019-09-18,
10,,205,2019-09-18,
11,,194,2019-09-18,
12,,104,2019-09-18,
13,,139,2019-09-18,
14,,171,2019-09-18,
15,,138,2019-09-18,
16,,98,2019-09-18,
17,,40,2019-09-18,
18,,45,2019-09-18,
19,,23,2019-09-18,
20,,11,2019-09-18,
21,,9,2019-09-18,
22,,11,2019-09-18,
23,,25,2019-09-18,
0,,41,2019-09-19,
1,,203,2019-09-19,
2,,222,2019-09-19,
3,,263,2019-09-19,
4,,181,2019-09-19,
5,,169,2019-09-19,
6,,178,2019-09-19,
7,,183,2019-09-19,
8,,196,2019-09-19,
9,,166,2019-09-19,
10,,205,2019-09-19,
11,,194,2019-09-19,
12,,104,2019-09-19,
13,,139,2019-09-19,
14,,171,2019-09-19,
15,,138,2019-09-19,
16,,98,2019-09-19,
17,,40,2019-09-19,
18,,45,2019-09-19,
19,,23,2019-09-19,
20,,11,2019-09-19,
21,,9,2019-09-19,
22,,11,2019-09-19,
23,,25,2019-09-19,
0,,41,2019-09-20,
1,,203,2019-09-20,
2,,222,2019-09-20,
3,,263,2019-09-20,
4,,181,2019-09-20,
5,,169,2019-09-20,
6,,178,2019-09-20,
7,,183,2019-09-20,
8,,196,2019-09-20,
9,,166,2019-09-20,
10,,205,2019-09-20,
11,,194,2019-09-20,
12,,104,2019-09-20,
13,,139,2019-09-20,
14,,171,2019-09-20,
15,,138,2019-09-20,
16,,98,2019-09-20,
17,,40,2019-09-20,
18,,45,2019-09-20,
19,,23,2019-09-20,
20,,11,2019-09-20,
21,,9,2019-09-20,
22,,11,2019-09-20,
23,,25,2019-09-20,
0,,41,2019-09-21,
1,,203,2019-09-21,
2,,222,2019-09-21,
3,,263,2019-09-21,
4,,181,2019-09-21,
5,,169,2019-09-21,
6,,178,2019-09-21,
7,,183,2019-09-21,
8,,196,2019-09-21,
9,,166,2019-09-21,
10,,205,2019-09-21,
11,,194,2019-09-21,
12,,104,2019-09-21,
13,,139,2019-09-21,
14,,171,2019-09-21,
15,,138,2019-09-21,
16,,98,2019-09-21,
17,,40,2019-09-21,
18,,45,2019-09-21,
19,,23,2019-09-21,
20,,11,2019-09-21,
21,,9,2019-09-21,
22,,11,2019-09-21,
23,,25,2019-09-21,
0,,41,2019-09-22,
1,,203,2019-09-22,
2,,222,2019-09-22,
3,,263,2019-09-22,
4,,181,2019-09-22,
5,,169,2019-09-22,
6,,178,2019-09-22,
7,,183,2019-09-22,
8,,196,2019-09-22,
9,,166,2019-09-22,
10,,205,2019-09-22,
11,,194,2019-09-22,
12,,104,2019-09-22,
13,,139,2019-09-22,
14,,171,2019-09-22,
15,,138,2019-09-22,
16,,98,2019-09-22,
17,,40,2019-09-22,
18,,45,2019-09-22,
19,,23,2019-09-22,
20,,11,2019-09-22,
21,,9,2019-09-22,
22,,11,2019-09-22,
23,,25,2019-09-22,
0,,41,2019-09-23,
1,,203,2019-09-23,
2,,222,2019-09-23,
3,,263,2019-09-23,
4,,181,2019-09-23,
5,,169,2019-09-23,
6,,178,2019-09-23,
7,,183,2019-09-23,
8,,196,2019-09-23,
9,,166,2019-09-23,
10,,205,2019-09-23,
11,,194,2019-09-23,
12,,104,2019-09-23,
13,,139,2019-09-23,
14,,171,2019-09-23,
15,,138,2019-09-23,
16,,98,2019-09-23,
17,,40,2019-09-23,
18,,45,2019-09-23,
19,,23,2019-09-23,
20,,11,2019-09-23,
21,,9,2019-09-23,
22,,11,2019-09-23,
23,,25,2019-09-23,
0,,41,2019-09-24,
1,,203,2019-09-24,
2,,222,2019-09-24,
3,,263,2019-09-24,
4,,181,2019-09-24,
5,,169,2019-09-24,
6,,178,2019-09-24,
7,,183,2019-09-24,
8,,196,2019-09-24,
9,,166,2019-09-24,
10,,205,2019-09-24,
11,,194,2019-09-24,
12,,104,2019-09-24,
13,,139,2019-09-24,
14,,171,2019-09-24,
15,,138,2019-09-24,
16,,98,2019-09-24,
17,,40,2019-09-24,
18,,45,2019-09-24,
19,,23,2019-09-24,
20,,11,2019-09-24,
21,,9,2019-09-24,
22,,11,2019-09-24,
23,,25,2019-09-24,
0,,41,2019-09-25,
1,,205,2019-09-25,
2,,222,2019-09-25,
3,,263,2019-09-25,
4,,181,2019-09-25,
5,,169,2019-09-25,
6,,178,2019-09-25,
7,,183,2019-09-25,
8,,196,2019-09-25,
9,,166,2019-09-25,
10,,205,2019-09-25,
11,,194,2019-09-25,
12,,104,2019-09-25,
13,,139,2019-09-25,
14,,171,2019-09-25,
15,,138,2019-09-25,
16,,98,2019-09-25,
17,,40,2019-09-25,
18,,45,2019-09-25,
19,,23,2019-09-25,
20,,11,2019-09-25,
21,,9,2019-09-25,
22,,11,2019-09-25,
23,,25,2019-09-25,
0,,41,2019-09-26,
1,,205,2019-09-26,
2,,222,2019-09-26,
3,,263,2019-09-26,
4,,181,2019-09-26,
5,,169,2019-09-26,
6,,178,2019-09-26,
7,,183,2019-09-26,
8,,196,2019-09-26,
9,,166,2019-09-26,
10,,205,2019-09-26,
11,,194,2019-09-26,
12,,104,2019-09-26,
13,,139,2019-09-26,
14,,171,2019-09-26,
15,,138,2019-09-26,
16,,98,2019-09-26,
17,,40,2019-09-26,
18,,45,2019-09-26,
19,,23,2019-09-26,
20,,11,2019-09-26,
21,,9,2019-09-26,
22,,11,2019-09-26,
23,,25,2019-09-26,
0,,41,2019-09-27,
1,,205,2019-09-27,
2,,222,2019-09-27,
3,,263,2019-09-27,
4,,181,2019-09-27,
5,,169,2019-09-27,
6,,178,2019-09-27,
7,,183,2019-09-27,
8,,196,2019-09-27,
9,,166,2019-09-27,
10,,205,2019-09-27,
11,,194,2019-09-27,
12,,104,2019-09-27,
13,,139,2019-09-27,
14,,171,2019-09-27,
15,,138,2019-09-27,
16,,98,2019-09-27,
17,,40,2019-09-27,
18,,45,2019-09-27,
19,,23,2019-09-27,
20,,11,2019-09-27,
21,,9,2019-09-27,
22,,11,2019-09-27,
23,,25,2019-09-27,
0,,41,2019-09-28,
1,,205,2019-09-28,
2,,222,2019-09-28,
3,,263,2019-09-28,
4,,181,2019-09-28,
5,,169,2019-09-28,
6,,178,2019-09-28,
7,,183,2019-09-28,
8,,196,2019-09-28,
9,,166,2019-09-28,
10,,205,2019-09-28,
11,,194,2019-09-28,
12,,104,2019-09-28,
13,,139,2019-09-28,
14,,171,2019-09-28,
15,,138,2019-09-28,
16,,98,2019-09-28,
17,,40,2019-09-28,
18,,45,2019-09-28,
19,,23,2019-09-28,
20,,11,2019-09-28,
21,,9,2019-09-28,
22,,11,2019-09-28,
23,,25,2019-09-28,
0,,41,2019-09-29,
1,,205,2019-09-29,
2,,222,2019-09-29,
3,,263,2019-09-29,
4,,181,2019-09-29,
5,,169,2019-09-29,
6,,178,2019-09-29,
7,,183,2019-09-29,
8,,196,2019-09-29,
9,,166,2019-09-29,
10,,205,2019-09-29,
11,,194,2019-09-29,
12,,104,2019-09-29,
13,,139,2019-09-29,
14,,171,2019-09-29,
15,,138,2019-09-29,
16,,98,2019-09-29,
17,,40,2019-09-29,
18,,45,2019-09-29,
19,,23,2019-09-29,
20,,11,2019-09-29,
21,,9,2019-09-29,
22,,11,2019-09-29,
23,,25,2019-09-29,
0,,41,2019-09-30,
1,,205,2019-09-30,
2,,222,2019-09-30,
3,,263,2019-09-30,
4,,181,2019-09-30,
5,,169,2019-09-30,
6,,178,2019-09-30,
7,,183,2019-09-30,
8,,196,2019-09-30,
9,,166,2019-09-30,
10,,205,2019-09-30,
11,,194,2019-09-30,
12,,104,2019-09-30,
13,,139,2019-09-30,
14,,171,2019-09-30,
15,,138,2019-09-30,
16,,98,2019-09-30,
17,,40,2019-09-30,
18,,45,2019-09-30,
19,,23,2019-09-30,
20,,11,2019-09-30,
21,,9,2019-09-30,
22,,11,2019-09-30,
23,,25,2019-09-30,
0,,41,2019-10-01,
1,,205,2019-10-01,
2,,222,2019-10-01,
3,,263,2019-10-01,
4,,181,2019-10-01,
5,,169,2019-10-01,
6,,178,2019-10-01,
7,,183,2019-10-01,
8,,196,2019-10-01,
9,,166,2019-10-01,
10,,205,2019-10-01,
11,,194,2019-10-01,
12,,104,2019-10-01,
13,,139,2019-10-01,
14,,171,2019-10-01,
15,,138,2019-10-01,
16,,98,2019-10-01,
17,,40,2019-10-01,
18,,45,2019-10-01,
19,,23,2019-10-01,
20,,11,2019-10-01,
21,,9,2019-10-01,
22,,11,2019-10-01,
23,,25,2019-10-01,
0,,41,2019-10-02,
1,,205,2019-10-02,
2,,222,2019-10-02,
3,,263,2019-10-02,
4,,181,2019-10-02,
5,,169,2019-10-02,
6,,178,2019-10-02,
7,,183,2019-10-02,
8,,196,2019-10-02,
9,,166,2019-10-02,
10,,205,2019-10-02,
11,,194,2019-10-02,
12,,104,2019-10-02,
13,,139,2019-10-02,
14,,171,2019-10-02,
15,,138,2019-10-02,
16,,98,2019-10-02,
17,,40,2019-10-02,
18,,45,2019-10-02,
19,,23,2019-10-02,
20,,11,2019-10-02,
21,,9,2019-10-02,
22,,11,2019-10-02,
23,,25,2019-10-02,
0,,41,2019-10-03,
1,,205,2019-10-03,
2,,222,2019-10-03,
3,,263,2019-10-03,
4,,181,2019-10-03,
5,,169,2019-10-03,
6,,178,2019-10-03,
7,,183,2019-10-03,
8,,196,2019-10-03,
9,,166,2019-10-03,
10,,205,2019-10-03,
11,,194,2019-10-03,
12,,104,2019-10-03,
13,,139,2019-10-03,
14,,171,2019-10-03,
15,,138,2019-10-03,
16,,98,2019-10-03,
17,,40,2019-10-03,
18,,45,2019-10-03,
19,,23,2019-10-03,
20,,11,2019-10-03,
21,,9,2019-10-03,
22,,11,2019-10-03,
23,,25,2019-10-03,
0,,41,2019-10-04,
1,,205,2019-10-04,
2,,222,2019-10-04,
3,,263,2019-10-04,
4,,181,2019-10-04,
5,,169,2019-10-04,
6,,178,2019-10-04,
7,,183,2019-10-04,
8,,196,2019-10-04,
9,,166,2019-10-04,
10,,205,2019-10-04,
11,,194,2019-10-04,
12,,104,2019-10-04,
13,,139,2019-10-04,
14,,171,2019-10-04,
15,,138,2019-10-04,
16,,98,2019-10-04,
17,,40,2019-10-04,
18,,45,2019-10-04,
19,,23,2019-10-04,
20,,11,2019-10-04,
21,,9,2019-10-04,
22,,11,2019-10-04,
23,,25,2019-10-04,
0,,41,2019-10-05,
1,,205,2019-10-05,
2,,222,2019-10-05,
3,,263,2019-10-05,
4,,181,2019-10-05,
5,,169,2019-10-05,
6,,178,2019-10-05,
7,,183,2019-10-05,
8,,196,2019-10-05,
9,,166,2019-10-05,
10,,205,2019-10-05,
11,,194,2019-10-05,
12,,104,2019-10-05,
13,,139,2019-10-05,
14,,171,2019-10-05,
15,,138,2019-10-05,
16,,98,2019-10-05,
17,,40,2019-10-05,
18,,45,2019-10-05,
19,,23,2019-10-05,
20,,11,2019-10-05,
21,,9,2019-10-05,
22,,11,2019-10-05,
23,,25,2019-10-05,
0,,41,2019-10-06,
1,,205,2019-10-06,
2,,222,2019-10-06,
3,,263,2019-10-06,
4,,181,2019-10-06,
5,,169,2019-10-06,
6,,178,2019-10-06,
7,,183,2019-10-06,
8,,196,2019-10-06,
9,,166,2019-10-06,
10,,205,2019-10-06,
11,,194,2019-10-06,
12,,104,2019-10-06,
13,,139,2019-10-06,
14,,171,2019-10-06,
15,,138,2019-10-06,
16,,98,2019-10-06,
17,,40,2019-10-06,
18,,45,2019-10-06,
19,,23,2019-10-06,
20,,11,2019-10-06,
21,,9,2019-10-06,
22,,11,2019-10-06,
23,,25,2019-10-06,
0,,41,2019-10-07,
1,,205,2019-10-07,
2,,222,2019-10-07,
3,,263,2019-10-07,
4,,181,2019-10-07,
5,,169,2019-10-07,
6,,178,2019-10-07,
7,,183,2019-10-07,
8,,196,2019-10-07,
9,,166,2019-10-07,
10,,205,2019-10-07,
11,,194,2019-10-07,
12,,104,2019-10-07,
13,,139,2019-10-07,
14,,171,2019-10-07,
15,,138,2019-10-07,
16,,98,2019-10-07,
17,,40,2019-10-07,
18,,45,2019-10-07,
19,,23,2019-10-07,
20,,11,2019-10-07,
21,,9,2019-10-07,
22,,11,2019-10-07,
23,,25,2019-10-07,
0,,41,2019-10-08,
1,,205,2019-10-08,
2,,222,2019-10-08,
3,,263,2019-10-08,
4,,181,2019-10-08,
5,,169,2019-10-08,
6,,178,2019-10-08,
7,,183,2019-10-08,
8,,196,2019-10-08,
9,,166,2019-10-08,
10,,205,2019-10-08,
11,,194,2019-10-08,
12,,104,2019-10-08,
13,,139,2019-10-08,
14,,171,2019-10-08,
15,,138,2019-10-08,
16,,98,2019-10-08,
17,,40,2019-10-08,
18,,45,2019-10-08,
19,,23,2019-10-08,
20,,11,2019-10-08,
21,,9,2019-10-08,
22,,11,2019-10-08,
23,,25,2019-10-08,
0,,41,2019-10-09,
1,,205,2019-10-09,
2,,222,2019-10-09,
3,,263,2019-10-09,
4,,181,2019-10-09,
5,,169,2019-10-09,
6,,178,2019-10-09,
7,,183,2019-10-09,
8,,196,2019-10-09,
9,,166,2019-10-09,
10,,205,2019-10-09,
11,,194,2019-10-09,
12,,104,2019-10-09,
13,,139,2019-10-09,
14,,171,2019-10-09,
15,,138,2019-10-09,
16,,98,2019-10-09,
17,,40,2019-10-09,
18,,45,2019-10-09,
19,,23,2019-10-09,
20,,11,2019-10-09,
21,,9,2019-10-09,
22,,11,2019-10-09,
23,,25,2019-10-09,
0,,41,2019-10-10,
1,,205,2019-10-10,
2,,222,2019-10-10,
3,,263,2019-10-10,
4,,181,2019-10-10,
5,,169,2019-10-10,
6,,178,2019-10-10,
7,,183,2019-10-10,
8,,196,2019-10-10,
9,,166,2019-10-10,
10,,205,2019-10-10,
11,,194,2019-10-10,
12,,104,2019-10-10,
13,,139,2019-10-10,
14,,171,2019-10-10,
15,,138,2019-10-10,
16,,98,2019-10-10,
17,,40,2019-10-10,
18,,45,2019-10-10,
19,,23,2019-10-10,
20,,11,2019-10-10,
21,,9,2019-10-10,
22,,11,2019-10-10,
23,,25,2019-10-10,
0,,41,2019-10-11,
1,,205,2019-10-11,
2,,222,2019-10-11,
3,,263,2019-10-11,
4,,181,2019-10-11,
5,,169,2019-10-11,
6,,178,2019-10-11,
7,,183,2019-10-11,
8,,196,2019-10-11,
9,,166,2019-10-11,
10,,205,2019-10-11,
11,,194,2019-10-11,
12,,104,2019-10-11,
13,,139,2019-10-11,
14,,171,2019-10-11,
15,,138,2019-10-11,
16,,98,2019-10-11,
17,,40,2019-10-11,
18,,45,2019-10-11,
19,,23,2019-10-11,
20,,11,2019-10-11,
21,,9,2019-10-11,
22,,11,2019-10-11,
23,,25,2019-10-11,
0,,41,2019-10-12,
1,,205,2019-10-12,
2,,222,2019-10-12,
3,,263,2019-10-12,
4,,181,2019-10-12,
5,,169,2019-10-12,
6,,178,2019-10-12,
7,,183,2019-10-12,
8,,196,2019-10-12,
9,,166,2019-10-12,
10,,205,2019-10-12,
11,,194,2019-10-12,
12,,104,2019-10-12,
13,,139,2019-10-12,
14,,171,2019-10-12,
15,,138,2019-10-12,
16,,98,2019-10-12,
17,,40,2019-10-12,
18,,45,2019-10-12,
19,,23,2019-10-12,
20,,11,2019-10-12,
21,,9,2019-10-12,
22,,11,2019-10-12,
23,,25,2019-10-12,
0,,41,2019-10-13,
1,,205,2019-10-13,
2,,222,2019-10-13,
3,,263,2019-10-13,
4,,181,2019-10-13,
5,,169,2019-10-13,
6,,178,2019-10-13,
7,,183,2019-10-13,
8,,196,2019-10-13,
9,,166,2019-10-13,
10,,205,2019-10-13,
11,,194,2019-10-13,
12,,104,2019-10-13,
13,,139,2019-10-13,
14,,171,2019-10-13,
15,,138,2019-10-13,
16,,98,2019-10-13,
17,,40,2019-10-13,
18,,45,2019-10-13,
19,,23,2019-10-13,
20,,11,2019-10-13,
21,,9,2019-10-13,
22,,11,2019-10-13,
23,,25,2019-10-13,
0,,41,2019-10-14,
1,,205,2019-10-14,
2,,222,2019-10-14,
3,,263,2019-10-14,
4,,181,2019-10-14,
5,,169,2019-10-14,
6,,178,2019-10-14,
7,,183,2019-10-14,
8,,196,2019-10-14,
9,,166,2019-10-14,
10,,205,2019-10-14,
11,,194,2019-10-14,
12,,104,2019-10-14,
13,,139,2019-10-14,
14,,171,2019-10-14,
15,,138,2019-10-14,
16,,98,2019-10-14,
17,,40,2019-10-14,
18,,45,2019-10-14,
19,,23,2019-10-14,
20,,11,2019-10-14,
21,,9,2019-10-14,
22,,11,2019-10-14,
23,,25,2019-10-14,
0,,41,2019-10-15,
1,,205,2019-10-15,
2,,222,2019-10-15,
3,,263,2019-10-15,
4,,181,2019-10-15,
5,,169,2019-10-15,
6,,178,2019-10-15,
7,,183,2019-10-15,
8,,196,2019-10-15,
9,,166,2019-10-15,
10,,205,2019-10-15,
11,,194,2019-10-15,
12,,104,2019-10-15,
13,,139,2019-10-15,
14,,171,2019-10-15,
15,,138,2019-10-15,
16,,98,2019-10-15,
17,,40,2019-10-15,
18,,45,2019-10-15,
19,,23,2019-10-15,
20,,11,2019-10-15,
21,,9,2019-10-15,
22,,11,2019-10-15,
23,,25,2019-10-15,
0,,41,2019-10-16,
1,,205,2019-10-16,
2,,222,2019-10-16,
3,,263,2019-10-16,
4,,181,2019-10-16,
5,,169,2019-10-16,
6,,178,2019-10-16,
7,,183,2019-10-16,
8,,196,2019-10-16,
9,,166,2019-10-16,
10,,205,2019-10-16,
11,,194,2019-10-16,
12,,104,2019-10-16,
13,,139,2019-10-16,
14,,171,2019-10-16,
15,,138,2019-10-16,
16,,98,2019-10-16,
17,,40,2019-10-16,
18,,45,2019-10-16,
19,,23,2019-10-16,
20,,11,2019-10-16,
21,,9,2019-10-16,
22,,11,2019-10-16,
23,,25,2019-10-16,
0,,41,2019-10-17,
1,,205,2019-10-17,
2,,222,2019-10-17,
3,,263,2019-10-17,
4,,181,2019-10-17,
5,,169,2019-10-17,
6,,178,2019-10-17,
7,,183,2019-10-17,
8,,196,2019-10-17,
9,,166,2019-10-17,
10,,205,2019-10-17,
11,,194,2019-10-17,
12,,104,2019-10-17,
13,,139,2019-10-17,
14,,171,2019-10-17,
15,,138,2019-10-17,
16,,98,2019-10-17,
17,,40,2019-10-17,
18,,45,2019-10-17,
19,,23,2019-10-17,
20,,11,2019-10-17,
21,,9,2019-10-17,
22,,11,2019-10-17,
23,,25,2019-10-17,
0,,41,2019-10-18,
1,,205,2019-10-18,
2,,222,2019-10-18,
3,,263,2019-10-18,
4,,181,2019-10-18,
5,,169,2019-10-18,
6,,178,2019-10-18,
7,,183,2019-10-18,
8,,196,2019-10-18,
9,,166,2019-10-18,
10,,205,2019-10-18,
11,,194,2019-10-18,
12,,104,2019-10-18,
13,,139,2019-10-18,
14,,171,2019-10-18,
15,,138,2019-10-18,
16,,98,2019-10-18,
17,,40,2019-10-18,
18,,45,2019-10-18,
19,,23,2019-10-18,
20,,11,2019-10-18,
21,,9,2019-10-18,
22,,11,2019-10-18,
23,,25,2019-10-18,
0,,41,2019-10-19,
1,,205,2019-10-19,
2,,222,2019-10-19,
3,,263,2019-10-19,
4,,181,2019-10-19,
5,,169,2019-10-19,
6,,178,2019-10-19,
7,,183,2019-10-19,
8,,196,2019-10-19,
9,,166,2019-10-19,
10,,205,2019-10-19,
11,,194,2019-10-19,
12,,104,2019-10-19,
13,,139,2019-10-19,
14,,171,2019-10-19,
15,,138,2019-10-19,
16,,98,2019-10-19,
17,,40,2019-10-19,
18,,45,2019-10-19,
19,,23,2019-10-19,
20,,11,2019-10-19,
21,,9,2019-10-19,
22,,11,2019-10-19,
23,,25,2019-10-19,
0,,41,2019-10-20
1,,205,2019-10-20
2,,224,2019-10-20
3,,263,2019-10-20
4,,181,2019-10-20
5,,169,2019-10-20
6,,178,2019-10-20
7,,183,2019-10-20
8,,196,2019-10-20
9,,166,2019-10-20
10,,205,2019-10-20
11,,194,2019-10-20
12,,104,2019-10-20
13,,139,2019-10-20
14,,171,2019-10-20
15,,138,2019-10-20
16,,98,2019-10-20
17,,40,2019-10-20
18,,45,2019-10-20
19,,23,2019-10-20
20,,11,2019-10-20
21,,9,2019-10-20
22,,11,2019-10-20
23,,25,2019-10-20
